index,x_mm,y_mm,z_mm
0,28.84390,-30.23662,-8.70600
1,28.28921,-28.29521,-8.55000
2,28.84390,-31.06865,-8.23800
3,27.45718,-24.41240,-8.08200
4,30.23062,-27.18583,-7.77000
5,29.95327,-31.90068,-7.45800
6,31.06265,-23.85771,-7.61400
7,26.34780,-28.29521,-7.14600
8,29.39858,-32.73272,-6.99000
9,26.07046,-24.96708,-6.99000
10,30.23062,-31.06865,-6.52200
11,30.50796,-22.19364,-6.67800
12,26.62514,-29.40459,-6.36600
13,29.95327,-21.63896,-6.36600
14,26.07046,-29.40459,-6.05400
15,29.95327,-21.08427,-6.05400
16,25.51577,-27.74052,-5.74200
17,29.67593,-20.52958,-5.58600
18,31.33999,-27.18583,-5.27400
19,27.17983,-19.97489,-5.43000
20,31.06265,-31.06865,-5.11800
21,31.89468,-22.74833,-4.96200
22,28.01187,-16.09208,-4.96200
23,31.33999,-29.40459,-4.65000
24,30.23062,-20.52958,-4.65000
25,25.23842,-15.53739,-4.65000
26,26.62514,-31.06865,-4.49400
27,24.40639,-22.74833,-4.49400
28,26.90249,-17.75614,-4.33800
29,30.50796,-34.11943,-4.02600
30,24.68374,-25.52177,-4.02600
31,29.39858,-19.14286,-4.02600
32,25.23842,-13.31864,-4.02600
33,31.89468,-29.95927,-3.71400
34,24.40639,-19.97489,-3.87000
35,24.40639,-15.53739,-3.87000
36,31.33999,-33.28740,-3.40200
37,24.12905,-25.52177,-3.40200
38,24.40639,-18.86552,-3.55800
39,23.85171,-13.59598,-3.40200
40,27.73452,-32.17803,-3.24600
41,30.78531,-23.85771,-3.09000
42,22.74233,-16.64676,-3.24600
43,27.17983,-11.37723,-3.09000
44,32.44937,-28.84990,-2.77800
45,32.44937,-21.63896,-2.77800
46,29.12124,-14.42801,-2.77800
47,29.95327,-33.84209,-2.62200
48,32.44937,-26.07646,-2.46600
49,22.46498,-18.86552,-2.46600
50,29.12124,-14.42801,-2.46600
51,32.44937,-10.54520,-2.46600
52,31.61734,-33.56475,-2.15400
53,23.85171,-26.35380,-2.15400
54,32.44937,-20.52958,-2.15400
55,24.96108,-16.64676,-2.31000
56,23.29702,-14.70536,-2.15400
57,31.06265,-12.76395,-2.31000
58,29.95327,-9.15848,-2.15400
59,24.96108,-30.23662,-1.84200
60,23.01967,-22.74833,-1.84200
61,26.07046,-17.75614,-1.99800
62,25.51577,-14.98270,-1.99800
63,32.17202,-13.04129,-1.84200
64,33.83609,-7.77176,-1.99800
65,33.00406,-28.29521,-1.53000
66,28.56655,-22.74833,-1.53000
67,27.73452,-19.14286,-1.53000
68,30.50796,-16.09208,-1.68600
69,32.17202,-13.31864,-1.68600
70,31.89468,-7.77176,-1.53000
71,33.00406,-28.84990,-1.21800
72,23.01967,-23.30302,-1.21800
73,29.39858,-20.52958,-1.37400
74,28.28921,-17.75614,-1.37400
75,21.63295,-14.70536,-1.21800
76,27.17983,-10.54520,-1.37400
77,28.56655,-32.73272,-0.90600
78,23.01967,-26.07646,-0.90600
79,30.50796,-22.47099,-0.90600
80,27.73452,-19.14286,-0.90600
81,27.17983,-16.64676,-1.06200
82,28.01187,-12.76395,-0.90600
83,29.95327,-10.26785,-0.90600
84,30.50796,-33.56475,-0.59400
85,23.01967,-26.07646,-0.59400
86,21.91030,-22.19364,-0.59400
87,21.07827,-18.86552,-0.75000
88,28.56655,-16.64676,-0.59400
89,28.56655,-12.20926,-0.59400
90,34.66812,-9.99051,-0.59400
91,28.28921,-32.45537,-0.28200
92,28.84390,-24.41240,-0.43800
93,28.84390,-21.91630,-0.28200
94,26.34780,-17.75614,-0.28200
95,25.23842,-15.53739,-0.28200
96,29.67593,-11.65457,-0.28200
97,29.39858,-9.15848,-0.28200
98,62.12518,-33.84209,-0.12600
99,24.40639,-29.12724,0.03000
100,22.18764,-23.58036,0.03000
101,21.07827,-19.97489,-0.12600
102,24.96108,-17.20145,-0.12600
103,24.68374,-14.98270,0.03000
104,29.12124,-11.65457,0.03000
105,33.28140,-9.15848,0.03000
106,63.23455,-33.84209,0.18600
107,57.13298,-32.45537,0.34200
108,23.01967,-27.18583,0.34200
109,27.17983,-23.58036,0.34200
110,26.62514,-20.52958,0.18600
111,25.51577,-18.03348,0.34200
112,20.80092,-14.98270,0.34200
113,32.44937,-11.65457,0.34200
114,33.83609,-8.32644,0.18600
115,57.68767,-34.11943,0.65400
116,59.35173,-32.17803,0.49800
117,58.24236,-30.51396,0.49800
118,34.11343,-25.52177,0.65400
119,26.07046,-22.47099,0.65400
120,28.84390,-19.97489,0.49800
121,23.01967,-17.75614,0.65400
122,34.11343,-15.53739,0.65400
123,22.74233,-12.76395,0.49800
124,28.28921,-9.43582,0.49800
125,35.50015,-6.93972,0.65400
126,55.19157,-3.88894,0.65400
127,30.50796,-33.01006,0.96600
128,25.79311,-31.06865,0.96600
129,23.85171,-29.12724,0.96600
130,29.39858,-24.13505,0.96600
131,34.11343,-20.52958,0.96600
132,27.73452,-17.75614,0.81000
133,34.39078,-14.70536,0.96600
134,33.00406,-10.54520,0.96600
135,30.78531,-7.77176,0.96600
136,43.54313,-6.10769,0.96600
137,51.03142,-4.99832,0.81000
138,59.35173,-35.22881,1.27800
139,34.11343,-32.73272,1.27800
140,26.62514,-31.34599,1.27800
141,24.40639,-29.68193,1.27800
142,27.73452,-24.68974,1.27800
143,28.84390,-21.36161,1.27800
144,29.39858,-17.75614,1.12200
145,29.95327,-13.87332,1.12200
146,27.45718,-9.99051,1.27800
147,29.95327,-8.04910,1.27800
148,47.14860,-6.66238,1.12200
149,47.14860,-5.55300,1.12200
150,51.58611,-3.88894,1.12200
151,61.29314,-34.95147,1.59000
152,28.28921,-32.45537,1.59000
153,52.69548,-31.06865,1.43400
154,24.12905,-29.95927,1.59000
155,66.56268,-28.29521,1.43400
156,29.67593,-23.85771,1.59000
157,23.57436,-19.42020,1.59000
158,21.91030,-16.09208,1.59000
159,22.46498,-12.20926,1.59000
160,28.28921,-9.15848,1.59000
161,49.92204,-7.77176,1.43400
162,49.36735,-7.21707,1.43400
163,45.48454,-4.44363,1.43400
164,52.69548,-3.05691,1.59000
165,56.02361,-34.67412,1.90200
166,65.45330,-32.17803,1.74600
167,51.58611,-30.51396,1.74600
168,63.23455,-29.68193,1.90200
169,21.91030,-24.96708,1.90200
170,20.24623,-21.08427,1.90200
171,34.39078,-17.20145,1.74600
172,23.01967,-13.31864,1.90200
173,29.67593,-9.43582,1.90200
174,35.22281,-8.32644,1.90200
175,34.66812,-7.77176,1.90200
176,56.57830,-7.21707,1.74600
177,41.60172,-5.83035,1.90200
178,51.58611,-3.05691,1.90200
179,57.68767,-0.83816,1.90200
180,28.56655,-32.73272,2.21400
181,26.07046,-31.06865,2.05800
182,54.35954,-30.23662,2.21400
183,64.89861,-27.74052,2.05800
184,34.39078,-24.41240,2.05800
185,20.24623,-19.97489,2.21400
186,34.66812,-16.64676,2.21400
187,22.46498,-12.20926,2.21400
188,52.14079,-9.71316,2.21400
189,51.03142,-8.88113,2.05800
190,29.95327,-8.04910,2.21400
191,33.28140,-7.21707,2.05800
192,57.13298,-6.10769,2.05800
193,59.35173,-3.88894,2.05800
194,52.14079,-1.94753,2.21400
195,56.30095,-34.95147,2.52600
196,35.77750,-32.73272,2.52600
197,47.14860,-31.34599,2.52600
198,66.56268,-29.95927,2.37000
199,34.66812,-28.29521,2.52600
200,29.67593,-25.52177,2.52600
201,34.66812,-21.63896,2.52600
202,30.50796,-17.75614,2.37000
203,31.89468,-13.87332,2.52600
204,53.25017,-10.26785,2.52600
205,56.57830,-9.71316,2.52600
206,28.84390,-8.60379,2.52600
207,36.60953,-7.49441,2.52600
208,41.32438,-4.99832,2.52600
209,50.47673,-1.67019,2.37000
210,57.68767,0.27122,2.52600
211,52.41814,-33.28740,2.83800
212,26.34780,-31.62334,2.83800
213,35.22281,-29.40459,2.83800
214,67.11737,-29.12724,2.83800
215,22.18764,-26.35380,2.83800
216,24.68374,-22.19364,2.83800
217,20.80092,-18.86552,2.83800
218,21.91030,-14.98270,2.83800
219,51.58611,-10.54520,2.68200
220,59.90643,-10.26785,2.83800
221,34.94547,-8.88113,2.68200
222,31.06265,-7.49441,2.83800
223,61.84783,-5.55300,2.83800
224,48.25798,-1.39284,2.83800
225,57.68767,0.82591,2.83800
226,53.25017,-33.56475,3.15000
227,46.03922,-31.06865,2.99400
228,22.74233,-28.84990,2.99400
229,62.67986,-28.01787,3.15000
230,21.35561,-25.52177,3.15000
231,29.39858,-21.63896,2.99400
232,34.66812,-17.75614,3.15000
233,36.05484,-13.04129,3.15000
234,48.25798,-10.54520,2.99400
235,61.57049,-10.26785,3.15000
236,30.50796,-8.60379,3.15000
237,35.50015,-6.10769,2.99400
238,46.59391,-2.50222,3.15000
239,58.24236,0.27122,3.15000
240,30.78531,-33.28740,3.46200
241,27.73452,-32.45537,3.46200
242,23.29702,-30.23662,3.46200
243,49.92204,-28.57256,3.46200
244,21.91030,-27.18583,3.46200
245,64.34393,-25.79912,3.46200
246,28.84390,-21.91630,3.46200
247,29.95327,-18.03348,3.46200
248,36.33218,-13.31864,3.46200
249,52.69548,-11.37723,3.46200
250,44.09782,-9.99051,3.46200
251,28.84390,-8.60379,3.46200
252,33.83609,-5.83035,3.46200
253,46.59391,-2.50222,3.46200
254,58.24236,0.82591,3.46200
255,36.60953,-33.28740,3.61800
256,44.37516,-31.62334,3.61800
257,22.46498,-28.84990,3.77400
258,56.57830,-28.01787,3.77400
259,63.23455,-26.63115,3.61800
260,29.67593,-24.41240,3.77400
261,20.80092,-20.52958,3.77400
262,21.91030,-16.09208,3.77400
263,52.41814,-12.20926,3.77400
264,52.69548,-11.93192,3.77400
265,39.38297,-10.26785,3.77400
266,29.39858,-8.32644,3.61800
267,36.60953,-5.83035,3.77400
268,46.87126,-2.22488,3.77400
269,56.57830,-35.22881,4.08600
270,51.03142,-33.56475,4.08600
271,66.28533,-31.62334,4.08600
272,46.59391,-29.40459,3.93000
273,58.79705,-27.74052,3.93000
274,52.69548,-26.90849,4.08600
275,62.67986,-25.52177,3.93000
276,24.68374,-23.30302,4.08600
277,20.80092,-18.86552,4.08600
278,21.35561,-15.53739,4.08600
279,48.25798,-13.04129,4.08600
280,33.83609,-12.20926,3.93000
281,42.98844,-10.54520,4.08600
282,28.28921,-8.60379,4.08600
283,59.35173,-7.21707,3.93000
284,55.74627,-5.55300,4.08600
285,48.81266,-3.88894,3.93000
286,48.53532,-0.56081,4.08600
287,53.52751,-34.39678,4.39800
288,29.39858,-33.01006,4.39800
289,24.96108,-31.34599,4.39800
290,22.18764,-28.57256,4.39800
291,29.39858,-26.90849,4.39800
292,57.68767,-26.07646,4.24200
293,61.84783,-24.96708,4.39800
294,64.34393,-23.30302,4.24200
295,23.29702,-19.14286,4.39800
296,31.89468,-14.98270,4.39800
297,54.91423,-13.87332,4.24200
298,61.57049,-13.31864,4.24200
299,42.98844,-11.09988,4.39800
300,36.05484,-8.88113,4.24200
301,29.95327,-8.04910,4.39800
302,57.13298,-6.66238,4.24200
303,58.24236,-5.55300,4.24200
304,40.49234,-4.44363,4.24200
305,58.79705,-4.16628,4.39800
306,46.87126,-1.67019,4.39800
307,57.13298,-35.22881,4.71000
308,29.39858,-33.56475,4.71000
309,65.45330,-32.73272,4.55400
310,39.93766,-31.34599,4.71000
311,36.88687,-28.84990,4.71000
312,27.73452,-27.46318,4.71000
313,28.84390,-25.52177,4.55400
314,52.14079,-24.96708,4.55400
315,61.01580,-24.41240,4.55400
316,62.67986,-22.74833,4.55400
317,23.29702,-19.69755,4.71000
318,31.33999,-15.53739,4.71000
319,58.24236,-14.98270,4.55400
320,33.83609,-14.15067,4.71000
321,61.84783,-12.20926,4.71000
322,55.46892,-9.43582,4.55400
323,25.51577,-8.60379,4.71000
324,33.55875,-7.21707,4.71000
325,33.83609,-5.83035,4.71000
326,46.87126,-4.44363,4.71000
327,47.70329,-3.61160,4.71000
328,52.41814,-2.22488,4.71000
329,50.47673,-0.28347,4.71000
330,54.91423,-34.67412,5.02200
331,48.25798,-33.56475,5.02200
332,23.57436,-31.06865,5.02200
333,43.82047,-29.68193,5.02200
334,65.45330,-28.29521,4.86600
335,28.28921,-26.63115,4.86600
336,48.81266,-24.96708,4.86600
337,36.05484,-24.13505,5.02200
338,58.24236,-23.58036,5.02200
339,56.57830,-22.19364,4.86600
340,29.67593,-20.52958,5.02200
341,23.01967,-17.75614,5.02200
342,60.46111,-16.64676,4.86600
343,61.01580,-16.09208,4.86600
344,52.69548,-14.98270,4.86600
345,45.48454,-12.76395,4.86600
346,53.25017,-9.99051,4.86600
347,51.58611,-8.88113,4.86600
348,52.14079,-8.04910,5.02200
349,60.73846,-6.10769,5.02200
350,55.46892,-4.44363,4.86600
351,44.37516,-3.05691,5.02200
352,54.91423,-0.56081,4.86600
353,54.35954,-35.22881,5.33400
354,64.06658,-33.84209,5.33400
355,65.45330,-33.01006,5.33400
356,21.91030,-29.40459,5.33400
357,20.80092,-28.29521,5.33400
358,65.73064,-27.18583,5.33400
359,28.56655,-24.96708,5.33400
360,36.05484,-23.30302,5.17800
361,29.39858,-22.47099,5.33400
362,58.79705,-21.63896,5.17800
363,53.25017,-20.52958,5.17800
364,23.01967,-19.42020,5.33400
365,58.79705,-18.86552,5.17800
366,49.36735,-18.03348,5.33400
367,53.25017,-17.20145,5.17800
368,22.18764,-15.81473,5.33400
369,61.84783,-13.87332,5.33400
370,61.84783,-11.65457,5.33400
371,60.18377,-9.43582,5.33400
372,54.63689,-8.32644,5.33400
373,33.83609,-6.93972,5.33400
374,60.73846,-5.55300,5.33400
375,58.24236,-4.16628,5.33400
376,55.19157,-2.22488,5.33400
377,53.80486,0.27122,5.33400
378,39.66031,-34.39678,5.64600
379,46.03922,-33.56475,5.64600
380,23.01967,-30.51396,5.64600
381,21.35561,-28.84990,5.64600
382,45.48454,-28.01787,5.64600
383,19.96889,-25.52177,5.49000
384,47.70329,-24.41240,5.49000
385,65.73064,-22.74833,5.64600
386,21.35561,-20.52958,5.64600
387,50.47673,-19.42020,5.49000
388,36.88687,-17.75614,5.64600
389,46.59391,-16.09208,5.49000
390,38.27359,-13.87332,5.49000
391,35.50015,-12.20926,5.49000
392,60.18377,-9.99051,5.64600
393,53.80486,-8.32644,5.49000
394,53.25017,-6.66238,5.49000
395,52.97282,-5.55300,5.64600
396,42.71110,-3.61160,5.64600
397,54.91423,-1.67019,5.49000
398,55.19157,-35.50616,5.95800
399,33.28140,-34.11943,5.95800
400,46.59391,-33.56475,5.95800
401,67.67206,-31.90068,5.95800
402,41.32438,-29.40459,5.95800
403,20.52358,-28.01787,5.95800
404,46.59391,-26.63115,5.80200
405,28.28921,-25.24443,5.95800
406,36.88687,-23.85771,5.95800
407,36.88687,-22.19364,5.95800
408,63.51189,-20.52958,5.95800
409,31.61734,-18.03348,5.95800
410,44.92985,-16.09208,5.80200
411,23.01967,-13.87332,5.95800
412,62.40252,-11.65457,5.95800
413,37.44156,-9.43582,5.95800
414,53.80486,-8.60379,5.95800
415,54.63689,-7.21707,5.95800
416,39.38297,-5.83035,5.95800
417,41.60172,-3.61160,5.95800
418,54.91423,-1.94753,5.95800
419,56.57830,-35.78350,6.27000
420,51.58611,-34.39678,6.11400
421,59.90643,-33.56475,6.27000
422,23.29702,-31.06865,6.11400
423,64.62127,-29.40459,6.27000
424,66.56268,-27.74052,6.11400
425,29.95327,-26.35380,6.27000
426,62.95721,-24.96708,6.27000
427,24.40639,-23.58036,6.27000
428,30.78531,-21.63896,6.27000
429,31.06265,-19.42020,6.11400
430,44.37516,-17.75614,6.11400
431,62.40252,-15.53739,6.27000
432,55.19157,-13.87332,6.27000
433,56.02361,-11.65457,6.11400
434,56.57830,-9.99051,6.11400
435,32.17202,-8.60379,6.27000
436,40.49234,-7.49441,6.27000
437,60.73846,-5.55300,6.27000
438,55.46892,-3.33425,6.11400
439,62.95721,-2.22488,6.27000
440,56.02361,0.82591,6.27000
441,52.69548,-35.22881,6.58200
442,50.47673,-34.67412,6.58200
443,62.67986,-33.01006,6.58200
444,22.74233,-30.79131,6.58200
445,63.78924,-29.40459,6.42600
446,64.06658,-27.74052,6.58200
447,69.33612,-26.63115,6.42600
448,28.28921,-25.24443,6.58200
449,20.52358,-23.58036,6.58200
450,65.17596,-22.19364,6.58200
451,63.51189,-19.97489,6.58200
452,43.82047,-17.75614,6.42600
453,34.11343,-15.53739,6.58200
454,35.22281,-13.87332,6.58200
455,55.19157,-12.20926,6.58200
456,62.12518,-11.37723,6.58200
457,30.78531,-8.88113,6.58200
458,26.07046,-8.04910,6.58200
459,41.60172,-6.93972,6.58200
460,38.82828,-5.27566,6.58200
461,44.09782,-2.77956,6.58200
462,54.91423,-1.39284,6.58200
463,56.02361,-35.78350,6.89400
464,36.05484,-34.67412,6.89400
465,59.90643,-33.56475,6.89400
466,24.40639,-31.90068,6.89400
467,66.56268,-30.23662,6.89400
468,64.62127,-28.84990,6.89400
469,39.38297,-26.63115,6.73800
470,67.67206,-25.52177,6.73800
471,24.40639,-23.85771,6.73800
472,65.73064,-22.74833,6.89400
473,43.26579,-21.08427,6.73800
474,42.98844,-19.42020,6.89400
475,38.82828,-17.20145,6.73800
476,34.39078,-15.53739,6.73800
477,35.22281,-13.87332,6.89400
478,55.19157,-12.20926,6.89400
479,51.86345,-9.99051,6.89400
480,39.93766,-8.32644,6.73800
481,41.32438,-7.21707,6.89400
482,37.16422,-5.83035,6.89400
483,39.38297,-4.16628,6.89400
484,51.03142,-2.22488,6.73800
485,61.29314,-0.56081,6.89400
486,42.71110,-35.50616,7.05000
487,47.70329,-35.22881,7.20600
488,60.46111,-34.11943,7.20600
489,60.73846,-32.17803,7.20600
490,63.78924,-30.79131,7.20600
491,21.07827,-29.12724,7.20600
492,20.24623,-27.18583,7.20600
493,64.06658,-26.63115,7.20600
494,20.24623,-24.96708,7.20600
495,42.71110,-23.85771,7.05000
496,59.90643,-22.47099,7.20600
497,61.29314,-21.08427,7.20600
498,31.89468,-19.42020,7.20600
499,62.95721,-18.31083,7.20600
500,34.39078,-16.36942,7.20600
501,61.57049,-14.42801,7.05000
502,61.29314,-12.76395,7.20600
503,49.92204,-9.99051,7.05000
504,50.47673,-8.32644,7.05000
505,62.40252,-7.21707,7.20600
506,37.71890,-5.55300,7.05000
507,62.95721,-4.44363,7.20600
508,62.95721,-2.77956,7.20600
509,62.40252,-1.11550,7.20600
510,54.35954,-36.33819,7.51800
511,49.92204,-35.50616,7.36200
512,32.17202,-34.11943,7.51800
513,67.39471,-32.73272,7.51800
514,30.23062,-31.06865,7.51800
515,21.63295,-29.68193,7.51800
516,64.34393,-29.12724,7.51800
517,29.67593,-27.74052,7.51800
518,64.06658,-27.18583,7.51800
519,70.44550,-26.07646,7.36200
520,39.38297,-24.41240,7.36200
521,59.62908,-23.30302,7.51800
522,23.57436,-21.63896,7.51800
523,21.91030,-20.52958,7.51800
524,41.60172,-19.42020,7.36200
525,59.62908,-17.20145,7.51800
526,61.29314,-14.98270,7.51800
527,36.60953,-12.76395,7.36200
528,61.84783,-10.54520,7.51800
529,29.95327,-8.04910,7.51800
530,34.94547,-6.93972,7.51800
531,47.98063,-5.55300,7.51800
532,44.92985,-3.88894,7.36200
533,58.51970,-2.77956,7.51800
534,47.14860,-1.39284,7.51800
535,41.60172,-36.06084,7.67400
536,46.59391,-35.50616,7.67400
537,57.41033,-33.84209,7.83000
538,31.06265,-32.45537,7.83000
539,60.73846,-31.06865,7.83000
540,44.37516,-29.95927,7.67400
541,69.89081,-29.68193,7.83000
542,49.64470,-28.29521,7.83000
543,47.14860,-27.18583,7.67400
544,67.94940,-26.07646,7.83000
545,25.23842,-24.41240,7.83000
546,60.18377,-23.30302,7.83000
547,61.29314,-21.63896,7.83000
548,32.72671,-20.25224,7.83000
549,61.84783,-17.75614,7.83000
550,22.74233,-15.81473,7.83000
551,54.35954,-14.70536,7.83000
552,52.69548,-12.20926,7.67400
553,50.19938,-9.99051,7.83000
554,30.50796,-8.04910,7.83000
555,46.31657,-6.66238,7.83000
556,44.09782,-5.55300,7.83000
557,43.82047,-4.72097,7.83000
558,62.95721,-3.33425,7.83000
559,53.80486,-1.94753,7.83000
560,58.79705,0.54856,7.67400
561,56.02361,-36.33819,8.14200
562,39.10563,-33.84209,8.14200
563,32.44937,-32.73272,8.14200
564,59.62908,-32.17803,8.14200
565,30.50796,-31.06865,7.98600
566,26.90249,-29.95927,8.14200
567,61.57049,-29.40459,7.98600
568,32.72671,-28.57256,8.14200
569,67.94940,-27.74052,8.14200
570,25.23842,-26.07646,8.14200
571,44.92985,-24.96708,7.98600
572,62.67986,-24.68974,8.14200
573,21.91030,-22.74833,8.14200
574,51.86345,-21.08427,8.14200
575,22.46498,-19.42020,8.14200
576,59.90643,-17.20145,7.98600
577,57.13298,-15.53739,7.98600
578,62.40252,-13.87332,8.14200
579,39.66031,-9.99051,8.14200
580,41.32438,-8.32644,8.14200
581,34.94547,-6.93972,8.14200
582,46.31657,-5.55300,8.14200
583,45.48454,-4.72097,8.14200
584,46.03922,-3.05691,8.14200
585,59.35173,-1.94753,8.14200
586,57.13298,0.82591,8.14200
587,39.93766,-36.33819,8.45400
588,32.17202,-34.67412,8.45400
589,38.82828,-33.56475,8.45400
590,37.16422,-32.17803,8.29800
591,35.50015,-31.34599,8.45400
592,69.33612,-30.51396,8.29800
593,63.51189,-29.40459,8.45400
594,59.35173,-28.29521,8.29800
595,45.48454,-27.46318,8.45400
596,62.67986,-26.63115,8.29800
597,44.65250,-25.52177,8.45400
598,71.00018,-25.24443,8.45400
599,45.48454,-23.58036,8.45400
600,64.34393,-21.91630,8.45400
601,52.69548,-20.25224,8.45400
602,57.96502,-17.75614,8.45400
603,54.35954,-16.36942,8.45400
604,37.44156,-13.87332,8.45400
605,50.47673,-10.54520,8.29800
606,31.61734,-8.04910,8.45400
607,41.60172,-6.38504,8.45400
608,38.27359,-5.27566,8.45400
609,41.04703,-4.16628,8.45400
610,49.92204,-2.50222,8.45400
611,48.25798,-0.83816,8.45400
612,44.92985,-36.89288,8.76600
613,35.77750,-35.50616,8.76600
614,36.60953,-34.11943,8.76600
615,60.73846,-32.73272,8.76600
616,23.57436,-31.06865,8.76600
617,67.94940,-30.51396,8.76600
618,62.12518,-29.40459,8.61000
619,59.90643,-28.29521,8.61000
620,71.83221,-27.74052,8.76600
621,48.81266,-26.63115,8.61000
622,25.79311,-25.52177,8.76600
623,25.23842,-24.41240,8.76600
624,59.35173,-23.58036,8.76600
625,63.23455,-21.08427,8.61000
626,60.18377,-18.86552,8.76600
627,24.12905,-17.20145,8.76600
628,36.33218,-15.53739,8.76600
629,62.95721,-13.87332,8.76600
630,61.01580,-11.37723,8.76600
631,41.04703,-8.04910,8.76600
632,41.32438,-6.10769,8.76600
633,38.82828,-4.99832,8.61000
634,43.54313,-3.88894,8.76600
635,50.19938,-2.22488,8.76600
636,62.40252,-0.56081,8.76600
637,49.36735,-36.89288,9.07800
638,33.28140,-35.22881,9.07800
639,28.28921,-33.56475,9.07800
640,68.22675,-32.45537,9.07800
641,28.01187,-30.51396,9.07800
642,67.94940,-29.95927,9.07800
643,21.63295,-28.29521,8.92200
644,68.22675,-28.01787,9.07800
645,56.57830,-26.90849,9.07800
646,45.20719,-25.52177,9.07800
647,32.72671,-24.68974,9.07800
648,46.31657,-23.30302,9.07800
649,63.51189,-21.08427,9.07800
650,62.12518,-19.14286,9.07800
651,53.80486,-17.20145,8.92200
652,36.33218,-15.53739,9.07800
653,62.95721,-13.31864,9.07800
654,62.40252,-9.99051,9.07800
655,42.98844,-7.21707,9.07800
656,42.71110,-5.83035,9.07800
657,37.71890,-4.16628,9.07800
658,47.98063,-2.77956,9.07800
659,62.95721,-1.67019,9.07800
660,61.01580,0.27122,9.07800
661,58.79705,-36.61553,9.23400
662,31.06265,-34.39678,9.23400
663,30.78531,-32.73272,9.39000
664,64.62127,-31.62334,9.39000
665,69.61346,-30.51396,9.39000
666,35.50015,-29.12724,9.39000
667,70.44550,-28.57256,9.39000
668,55.74627,-27.18583,9.39000
669,56.85564,-26.07646,9.39000
670,57.68767,-24.96708,9.23400
671,47.98063,-23.85771,9.39000
672,52.69548,-22.74833,9.23400
673,63.51189,-20.52958,9.39000
674,33.55875,-18.31083,9.39000
675,55.19157,-16.64676,9.39000
676,52.69548,-14.98270,9.23400
677,38.27359,-12.76395,9.23400
678,62.40252,-9.43582,9.39000
679,33.00406,-6.66238,9.39000
680,46.03922,-5.83035,9.39000
681,46.87126,-3.88894,9.39000
682,49.92204,-3.05691,9.39000
683,46.03922,-1.39284,9.39000
684,59.90643,0.27122,9.39000
685,54.91423,-36.89288,9.70200
686,63.78924,-35.22881,9.70200
687,40.21500,-32.73272,9.70200
688,24.12905,-31.06865,9.70200
689,66.56268,-30.51396,9.54600
690,36.60953,-29.12724,9.70200
691,45.48454,-28.01787,9.70200
692,71.55487,-27.18583,9.54600
693,33.28140,-25.79912,9.70200
694,25.23842,-23.85771,9.70200
695,69.89081,-23.58036,9.70200
696,34.39078,-21.63896,9.54600
697,33.00406,-19.97489,9.70200
698,63.51189,-18.31083,9.70200
699,36.05484,-16.09208,9.54600
700,37.44156,-14.42801,9.70200
701,60.73846,-12.20926,9.70200
702,62.95721,-8.32644,9.70200
703,33.83609,-6.38504,9.70200
704,38.55094,-4.99832,9.70200
705,43.26579,-3.61160,9.70200
706,42.15641,-1.94753,9.70200
707,49.92204,-0.83816,9.70200
708,49.92204,-37.44756,10.01400
709,39.93766,-35.78350,10.01400
710,41.32438,-33.84209,10.01400
711,29.39858,-31.90068,10.01400
712,67.67206,-31.34599,10.01400
713,50.75407,-29.40459,10.01400
714,23.01967,-27.74052,10.01400
715,34.11343,-26.63115,10.01400
716,52.41814,-24.96708,10.01400
717,71.55487,-24.13505,10.01400
718,53.25017,-22.19364,9.85800
719,51.86345,-20.52958,10.01400
720,33.55875,-18.31083,10.01400
721,52.41814,-16.64676,10.01400
722,24.12905,-14.98270,10.01400
723,38.27359,-13.31864,9.85800
724,46.59391,-10.54520,9.85800
725,62.95721,-7.77176,10.01400
726,48.25798,-6.10769,9.85800
727,36.60953,-4.72097,10.01400
728,39.38297,-3.05691,10.01400
729,56.30095,-1.67019,10.01400
730,53.25017,-0.28347,10.01400
731,37.71890,-36.89288,10.32600
732,36.88687,-34.95147,10.32600
733,67.39471,-33.28740,10.32600
734,64.62127,-31.62334,10.32600
735,62.95721,-30.51396,10.32600
736,23.29702,-28.29521,10.17000
737,54.91423,-27.46318,10.32600
738,58.24236,-26.35380,10.32600
739,45.76188,-23.85771,10.32600
740,57.13298,-22.74833,10.17000
741,32.72671,-20.25224,10.32600
742,56.30095,-18.31083,10.32600
743,36.05484,-16.92411,10.32600
744,33.83609,-15.53739,10.17000
745,38.82828,-13.87332,10.17000
746,45.76188,-12.20926,10.32600
747,61.57049,-9.71316,10.32600
748,49.36735,-6.66238,10.17000
749,37.71890,-5.27566,10.32600
750,44.09782,-3.33425,10.32600
751,43.54313,-1.67019,10.32600
752,61.84783,-0.56081,10.32600
753,52.69548,-37.44756,10.63800
754,63.23455,-35.78350,10.63800
755,28.84390,-33.56475,10.63800
756,26.62514,-31.90068,10.63800
757,67.67206,-31.34599,10.63800
758,70.16815,-29.95927,10.63800
759,48.81266,-28.57256,10.63800
760,54.08220,-26.63115,10.63800
761,72.38690,-25.52177,10.63800
762,53.80486,-24.13505,10.63800
763,34.39078,-22.47099,10.63800
764,53.25017,-20.52958,10.48200
765,34.39078,-18.86552,10.48200
766,37.99625,-17.20145,10.63800
767,23.85171,-16.09208,10.48200
768,40.21500,-14.98270,10.63800
769,38.82828,-12.76395,10.48200
770,61.29314,-11.65457,10.63800
771,41.04703,-8.60379,10.63800
772,47.14860,-6.66238,10.48200
773,45.76188,-4.99832,10.63800
774,44.92985,-3.61160,10.63800
775,54.35954,-1.94753,10.63800
776,61.57049,-0.83816,10.63800
777,47.70329,-37.44756,10.95000
778,37.71890,-35.78350,10.95000
779,33.28140,-34.11943,10.95000
780,40.21500,-32.17803,10.95000
781,48.53532,-31.06865,10.95000
782,27.17983,-29.95927,10.79400
783,46.03922,-29.12724,10.95000
784,35.22281,-27.18583,10.95000
785,60.46111,-26.35380,10.95000
786,52.14079,-24.68974,10.95000
787,70.72284,-23.30302,10.95000
788,29.39858,-21.63896,10.79400
789,49.09001,-20.52958,10.95000
790,53.25017,-18.86552,10.79400
791,38.27359,-17.75614,10.79400
792,62.40252,-17.20145,10.95000
793,24.12905,-15.53739,10.95000
794,34.39078,-14.70536,10.95000
795,25.51577,-12.48660,10.95000
796,41.04703,-11.09988,10.79400
797,44.65250,-9.43582,10.95000
798,50.75407,-7.77176,10.95000
799,34.39078,-5.83035,10.95000
800,47.98063,-4.44363,10.95000
801,62.67986,-2.77956,10.79400
802,58.51970,-1.11550,10.95000
803,44.37516,-38.00225,11.26200
804,59.62908,-36.61553,11.26200
805,42.15641,-34.95147,11.10600
806,61.29314,-33.28740,11.26200
807,26.62514,-31.90068,11.26200
808,69.33612,-31.06865,11.10600
809,69.33612,-29.95927,11.10600
810,60.73846,-28.29521,11.26200
811,23.85171,-26.35380,11.26200
812,54.91423,-25.79912,11.26200
813,34.94547,-24.68974,11.26200
814,54.08220,-23.30302,11.26200
815,37.16422,-22.19364,11.10600
816,32.17202,-21.36161,11.26200
817,50.47673,-19.97489,11.10600
818,39.66031,-18.86552,11.26200
819,55.74627,-18.31083,11.26200
820,36.88687,-17.20145,11.26200
821,47.14860,-16.92411,11.26200
822,25.51577,-15.26004,11.26200
823,42.71110,-13.59598,11.26200
824,40.76969,-11.65457,11.26200
825,62.95721,-10.54520,11.26200
826,46.87126,-8.32644,11.26200
827,32.17202,-6.93972,11.26200
828,36.33218,-4.99832,11.26200
829,41.04703,-3.61160,11.26200
830,60.46111,-1.67019,11.10600
831,55.46892,-0.28347,11.26200
832,53.25017,-37.44756,11.57400
833,39.38297,-35.78350,11.57400
834,62.12518,-33.84209,11.41800
835,64.89861,-32.45537,11.57400
836,47.70329,-30.79131,11.57400
837,37.71890,-28.84990,11.41800
838,37.16422,-27.46318,11.57400
839,71.83221,-26.07646,11.57400
840,38.27359,-24.96708,11.41800
841,51.86345,-24.41240,11.57400
842,37.71890,-23.58036,11.57400
843,23.57436,-22.19364,11.57400
844,66.56268,-21.63896,11.41800
845,38.55094,-20.52958,11.57400
846,35.50015,-19.42020,11.41800
847,62.95721,-18.86552,11.57400
848,45.48454,-17.75614,11.41800
849,24.40639,-16.09208,11.41800
850,24.40639,-14.98270,11.41800
851,24.68374,-13.31864,11.57400
852,45.20719,-12.20926,11.57400
853,42.43375,-10.54520,11.57400
854,61.84783,-9.43582,11.57400
855,32.72671,-7.49441,11.57400
856,35.22281,-5.55300,11.57400
857,37.16422,-4.16628,11.57400
858,43.82047,-2.50222,11.57400
859,57.68767,-1.39284,11.57400
860,42.71110,-38.00225,11.88600
861,34.94547,-36.33819,11.88600
862,64.34393,-35.22881,11.88600
863,63.78924,-33.56475,11.88600
864,66.00799,-31.90068,11.88600
865,37.71890,-29.40459,11.73000
866,37.71890,-27.74052,11.73000
867,62.67986,-26.35380,11.88600
868,56.57830,-24.96708,11.73000
869,70.44550,-24.41240,11.73000
870,25.79311,-23.30302,11.88600
871,35.77750,-22.74833,11.88600
872,23.85171,-21.63896,11.73000
873,39.38297,-21.08427,11.73000
874,46.59391,-20.80692,11.88600
875,47.14860,-19.42020,11.73000
876,33.83609,-18.03348,11.88600
877,62.95721,-16.64676,11.88600
878,34.66812,-14.98270,11.88600
879,24.96108,-13.31864,11.73000
880,40.49234,-12.48660,11.88600
881,62.95721,-11.09988,11.88600
882,49.64470,-8.88113,11.88600
883,43.26579,-6.93972,11.88600
884,49.36735,-5.83035,11.88600
885,38.27359,-3.61160,11.88600
886,41.60172,-1.94753,11.88600
887,49.36735,-0.83816,11.88600
888,48.25798,-38.00225,12.19800
889,41.60172,-36.33819,12.19800
890,31.06265,-34.67412,12.19800
891,66.28533,-33.28740,12.19800
892,25.79311,-31.06865,12.19800
893,25.23842,-28.84990,12.19800
894,37.16422,-27.46318,12.19800
895,34.11343,-25.52177,12.19800
896,72.94159,-24.41240,12.19800
897,34.94547,-23.58036,12.19800
898,48.25798,-22.74833,12.04200
899,59.07439,-22.19364,12.19800
900,44.09782,-21.08427,12.19800
901,25.79311,-19.97489,12.19800
902,24.12905,-18.31083,12.19800
903,57.13298,-17.20145,12.04200
904,57.13298,-16.09208,12.04200
905,61.84783,-14.98270,12.19800
906,42.15641,-13.59598,12.19800
907,41.60172,-11.93192,12.19800
908,48.53532,-9.99051,12.19800
909,42.43375,-7.21707,12.19800
910,34.66812,-6.10769,12.19800
911,45.20719,-4.44363,12.19800
912,40.49234,-2.22488,12.04200
913,44.92985,-1.39284,12.19800
914,40.49234,-38.00225,12.51000
915,55.46892,-36.89288,12.51000
916,46.31657,-35.50616,12.51000
917,29.39858,-34.11943,12.51000
918,40.76969,-32.73272,12.51000
919,48.53532,-31.06865,12.51000
920,58.51970,-29.40459,12.51000
921,37.16422,-27.74052,12.35400
922,34.94547,-26.35380,12.51000
923,34.39078,-24.68974,12.51000
924,34.94547,-23.58036,12.51000
925,50.19938,-22.74833,12.51000
926,54.91423,-22.47099,12.51000
927,61.84783,-21.63896,12.51000
928,25.79311,-20.52958,12.51000
929,44.09782,-19.97489,12.51000
930,24.68374,-18.86552,12.51000
931,64.89861,-18.58817,12.51000
932,35.50015,-16.92411,12.51000
933,57.13298,-15.81473,12.51000
934,39.93766,-13.87332,12.35400
935,61.84783,-12.76395,12.51000
936,26.07046,-10.82254,12.51000
937,42.43375,-7.77176,12.51000
938,44.65250,-6.66238,12.51000
939,45.48454,-4.44363,12.35400
940,62.67986,-2.77956,12.35400
941,60.46111,-1.94753,12.51000
942,59.90643,-0.28347,12.51000
943,39.93766,-36.89288,12.82200
944,35.50015,-35.50616,12.66600
945,30.50796,-34.67412,12.82200
946,32.17202,-33.56475,12.82200
947,61.01580,-32.45537,12.82200
948,57.96502,-29.95927,12.82200
949,59.35173,-28.84990,12.66600
950,54.63689,-27.74052,12.82200
951,33.28140,-26.90849,12.82200
952,32.44937,-24.96708,12.82200
953,62.67986,-24.68974,12.82200
954,50.19938,-23.30302,12.82200
955,68.22675,-23.02567,12.82200
956,70.44550,-22.47099,12.82200
957,44.92985,-21.36161,12.82200
958,59.90643,-20.80692,12.82200
959,43.82047,-19.69755,12.82200
960,61.01580,-18.31083,12.66600
961,24.96108,-16.64676,12.66600
962,40.76969,-14.98270,12.82200
963,46.03922,-14.15067,12.82200
964,43.26579,-13.04129,12.82200
965,48.25798,-11.09988,12.66600
966,41.32438,-8.32644,12.82200
967,62.40252,-7.21707,12.82200
968,38.55094,-4.99832,12.82200
969,61.57049,-3.05691,12.82200
970,42.15641,-1.39284,12.82200
971,40.21500,-37.72491,13.13400
972,41.04703,-36.89288,13.13400
973,45.20719,-35.50616,13.13400
974,45.48454,-34.67412,13.13400
975,41.04703,-33.01006,13.13400
976,28.56655,-31.06865,13.13400
977,59.90643,-29.40459,12.97800
978,59.90643,-28.29521,12.97800
979,57.41033,-27.18583,13.13400
980,32.72671,-26.35380,13.13400
981,54.35954,-25.52177,12.97800
982,62.12518,-24.96708,12.97800
983,33.28140,-23.85771,12.97800
984,71.00018,-23.58036,13.13400
985,32.72671,-22.19364,12.97800
986,42.15641,-21.63896,12.97800
987,43.82047,-21.36161,13.13400
988,59.35173,-20.52958,12.97800
989,55.74627,-19.42020,13.13400
990,60.46111,-18.31083,12.97800
991,63.78924,-17.47880,13.13400
992,45.48454,-14.98270,12.97800
993,47.70329,-14.15067,13.13400
994,49.64470,-12.76395,13.13400
995,49.09001,-10.54520,13.13400
996,45.76188,-8.32644,13.13400
997,34.39078,-6.38504,13.13400
998,44.65250,-3.33425,13.13400
999,49.36735,-2.50222,13.13400
1000,58.24236,-1.39284,13.13400
1001,48.25798,-38.00225,13.44600
1002,37.16422,-36.33819,13.44600
1003,34.11343,-34.95147,13.44600
1004,66.00799,-34.11943,13.44600
1005,41.60172,-32.45537,13.44600
1006,58.79705,-30.51396,13.29000
1007,49.92204,-29.12724,13.44600
1008,33.55875,-27.18583,13.44600
1009,52.14079,-26.90849,13.44600
1010,27.17983,-25.52177,13.29000
1011,50.47673,-24.96708,13.29000
1012,57.96502,-24.41240,13.44600
1013,26.62514,-23.30302,13.29000
1014,32.72671,-23.02567,13.44600
1015,33.55875,-22.19364,13.44600
1016,47.98063,-21.63896,13.44600
1017,45.48454,-21.36161,13.44600
1018,52.14079,-20.80692,13.44600
1019,42.98844,-19.42020,13.44600
1020,46.03922,-18.58817,13.44600
1021,58.24236,-17.75614,13.29000
1022,25.79311,-16.09208,13.44600
1023,42.98844,-14.42801,13.44600
1024,46.03922,-12.76395,13.29000
1025,49.09001,-10.54520,13.44600
1026,33.28140,-7.49441,13.44600
1027,39.10563,-4.44363,13.44600
1028,48.25798,-3.05691,13.44600
1029,40.49234,-1.94753,13.44600
1030,59.90643,-0.83816,13.44600
1031,50.47673,-37.44756,13.75800
1032,58.24236,-36.33819,13.75800
1033,30.50796,-34.67412,13.75800
1034,46.03922,-32.73272,13.60200
1035,60.73846,-31.62334,13.75800
1036,55.46892,-29.40459,13.60200
1037,35.22281,-27.18583,13.75800
1038,37.16422,-26.35380,13.75800
1039,57.96502,-24.96708,13.75800
1040,54.35954,-23.85771,13.60200
1041,47.98063,-22.74833,13.75800
1042,67.39471,-22.19364,13.75800
1043,41.60172,-21.36161,13.75800
1044,47.42595,-20.52958,13.75800
1045,24.68374,-19.42020,13.75800
1046,57.13298,-18.86552,13.60200
1047,47.14860,-17.75614,13.60200
1048,44.09782,-16.09208,13.75800
1049,63.51189,-14.42801,13.75800
1050,41.32438,-12.76395,13.75800
1051,44.92985,-11.65457,13.60200
1052,46.59391,-10.82254,13.75800
1053,34.94547,-7.49441,13.75800
1054,39.38297,-4.16628,13.75800
1055,52.41814,-2.77956,13.75800
1056,42.15641,-1.39284,13.75800
1057,40.49234,-38.00225,14.07000
1058,42.71110,-36.89288,14.07000
1059,49.36735,-35.78350,14.07000
1060,62.40252,-33.84209,14.07000
1061,45.20719,-32.17803,14.07000
1062,59.35173,-30.79131,14.07000
1063,36.60953,-28.01787,14.07000
1064,33.00406,-26.07646,14.07000
1065,36.88687,-24.96708,14.07000
1066,39.93766,-24.13505,14.07000
1067,35.22281,-22.74833,14.07000
1068,68.22675,-22.47099,14.07000
1069,41.04703,-21.08427,13.91400
1070,24.96108,-19.97489,13.91400
1071,36.05484,-19.14286,14.07000
1072,63.51189,-17.75614,14.07000
1073,64.06658,-15.53739,14.07000
1074,42.15641,-13.31864,13.91400
1075,63.23455,-11.65457,13.91400
1076,33.83609,-7.49441,14.07000
1077,60.46111,-4.72097,14.07000
1078,59.90643,-3.33425,13.91400
1079,58.24236,-2.50222,14.07000
1080,54.35954,-0.83816,14.07000
1081,52.14079,-37.44756,14.38200
1082,58.24236,-36.33819,14.38200
1083,29.67593,-33.84209,14.38200
1084,30.50796,-32.45537,14.38200
1085,42.71110,-31.34599,14.38200
1086,57.68767,-29.68193,14.38200
1087,52.69548,-27.46318,14.38200
1088,27.45718,-25.52177,14.38200
1089,27.45718,-23.85771,14.38200
1090,37.71890,-23.02567,14.38200
1091,33.55875,-21.63896,14.38200
1092,46.03922,-21.08427,14.22600
1093,47.14860,-19.97489,14.22600
1094,47.70329,-18.31083,14.22600
1095,46.31657,-16.64676,14.38200
1096,62.40252,-14.98270,14.38200
1097,26.62514,-12.48660,14.38200
1098,33.28140,-7.49441,14.38200
1099,38.82828,-4.72097,14.38200
1100,60.46111,-3.61160,14.38200
1101,41.32438,-1.67019,14.38200
1102,57.13298,-0.28347,14.38200
1103,37.71890,-36.89288,14.69400
1104,34.94547,-35.78350,14.69400
1105,64.89861,-34.11943,14.69400
1106,64.34393,-32.45537,14.69400
1107,58.51970,-30.51396,14.69400
1108,41.04703,-28.57256,14.69400
1109,36.88687,-26.63115,14.69400
1110,36.33218,-25.52177,14.69400
1111,28.01187,-23.30302,14.69400
1112,34.11343,-22.19364,14.69400
1113,68.78143,-21.91630,14.69400
1114,40.49234,-20.80692,14.69400
1115,65.17596,-18.86552,14.69400
1116,44.92985,-16.92411,14.69400
1117,27.73452,-13.87332,14.53800
1118,63.23455,-9.71316,14.69400
1119,36.60953,-5.27566,14.69400
1120,52.41814,-3.33425,14.69400
1121,44.92985,-1.94753,14.69400
1122,37.99625,-37.72491,15.00600
1123,38.27359,-36.89288,15.00600
1124,46.31657,-35.50616,15.00600
1125,47.98063,-33.84209,15.00600
1126,67.67206,-32.45537,15.00600
1127,58.51970,-30.51396,15.00600
1128,52.97282,-28.29521,15.00600
1129,26.07046,-26.90849,15.00600
1130,48.81266,-26.07646,14.85000
1131,44.92985,-24.13505,15.00600
1132,45.48454,-22.74833,14.85000
1133,28.28921,-21.91630,15.00600
1134,41.04703,-21.36161,15.00600
1135,36.05484,-20.25224,15.00600
1136,43.82047,-18.31083,14.85000
1137,26.34780,-14.98270,15.00600
1138,27.17983,-11.93192,15.00600
1139,62.95721,-6.10769,15.00600
1140,46.03922,-3.61160,15.00600
1141,54.91423,-3.05691,15.00600
1142,52.41814,-1.11550,15.00600
1143,50.47673,-37.44756,15.31800
1144,45.48454,-36.33819,15.31800
1145,63.23455,-34.95147,15.16200
1146,63.23455,-33.01006,15.31800
1147,57.13298,-31.06865,15.16200
1148,57.13298,-30.23662,15.31800
1149,28.84390,-28.57256,15.31800
1150,48.53532,-27.18583,15.31800
1151,47.14860,-26.07646,15.16200
1152,48.25798,-24.68974,15.31800
1153,37.99625,-22.74833,15.31800
1154,71.55487,-22.47099,15.31800
1155,35.22281,-21.08427,15.31800
1156,25.51577,-19.97489,15.16200
1157,29.12124,-18.31083,15.31800
1158,44.37516,-15.53739,15.16200
1159,62.40252,-9.99051,15.31800
1160,37.71890,-5.83035,15.31800
1161,48.25798,-3.61160,15.31800
1162,61.01580,-2.77956,15.16200
1163,53.25017,-0.83816,15.31800
1164,53.25017,-37.44756,15.63000
1165,58.24236,-36.33819,15.63000
1166,49.92204,-34.67412,15.63000
1167,66.84003,-32.73272,15.63000
1168,59.62908,-31.06865,15.63000
1169,45.76188,-29.95927,15.63000
1170,70.72284,-28.84990,15.63000
1171,43.82047,-27.18583,15.47400
1172,48.53532,-26.07646,15.63000
1173,44.09782,-24.41240,15.63000
1174,42.98844,-22.74833,15.63000
1175,32.44937,-21.63896,15.63000
1176,31.61734,-20.80692,15.63000
1177,27.73452,-18.86552,15.47400
1178,34.39078,-17.47880,15.63000
1179,27.45718,-12.76395,15.63000
1180,34.94547,-6.38504,15.63000
1181,48.25798,-3.88894,15.47400
1182,60.46111,-3.33425,15.47400
1183,50.47673,-1.94753,15.63000
1184,44.92985,-38.00225,15.94200
1185,44.92985,-36.61553,15.78600
1186,59.90643,-35.78350,15.94200
1187,31.33999,-33.28740,15.94200
1188,28.28921,-31.62334,15.78600
1189,45.48454,-30.51396,15.78600
1190,41.60172,-29.40459,15.78600
1191,51.58611,-28.57256,15.94200
1192,47.70329,-27.46318,15.94200
1193,43.82047,-24.96708,15.78600
1194,28.28921,-23.02567,15.94200
1195,32.17202,-21.63896,15.78600
1196,28.84390,-20.25224,15.94200
1197,36.05484,-18.31083,15.78600
1198,26.62514,-14.98270,15.78600
1199,62.40252,-8.32644,15.94200
1200,38.82828,-4.99832,15.78600
1201,62.12518,-3.88894,15.78600
1202,59.35173,-3.05691,15.94200
1203,54.35954,-1.39284,15.94200
1204,51.03142,-37.44756,16.25400
1205,47.14860,-36.33819,16.25400
1206,32.44937,-34.39678,16.25400
1207,60.18377,-32.73272,16.25400
1208,59.07439,-31.06865,16.25400
1209,67.67206,-30.23662,16.25400
1210,36.60953,-28.57256,16.25400
1211,50.47673,-28.01787,16.25400
1212,71.55487,-26.35380,16.25400
1213,26.34780,-24.41240,16.25400
1214,37.44156,-22.74833,16.25400
1215,69.89081,-21.91630,16.25400
1216,66.00799,-19.69755,16.25400
1217,34.39078,-17.47880,16.25400
1218,63.51189,-12.76395,16.25400
1219,34.39078,-6.93972,16.25400
1220,38.82828,-3.88894,16.09800
1221,54.91423,-3.61160,16.25400
1222,48.25798,-1.94753,16.25400
1223,44.37516,-38.00225,16.56600
1224,55.46892,-36.89288,16.56600
1225,31.33999,-34.95147,16.56600
1226,56.02361,-33.28740,16.41000
1227,57.13298,-31.62334,16.41000
1228,69.05878,-30.51396,16.56600
1229,48.81266,-29.40459,16.41000
1230,46.03922,-28.29521,16.41000
1231,39.93766,-27.18583,16.41000
1232,72.38690,-25.52177,16.56600
1233,39.93766,-24.13505,16.56600
1234,71.00018,-22.47099,16.56600
1235,28.84390,-19.97489,16.41000
1236,34.94547,-18.03348,16.56600
1237,62.40252,-13.87332,16.56600
1238,32.72671,-7.21707,16.41000
1239,38.27359,-4.44363,16.41000
1240,58.24236,-4.16628,16.56600
1241,48.25798,-2.22488,16.41000
1242,37.71890,-38.00225,16.87800
1243,41.60172,-36.89288,16.87800
1244,49.92204,-35.78350,16.87800
1245,63.78924,-34.11943,16.87800
1246,56.02361,-32.45537,16.87800
1247,66.28533,-30.51396,16.87800
1248,47.42595,-29.40459,16.87800
1249,41.04703,-28.29521,16.72200
1250,37.16422,-27.46318,16.87800
1251,72.10956,-25.79912,16.87800
1252,28.01187,-23.30302,16.87800
1253,28.01187,-21.08427,16.87800
1254,35.22281,-18.31083,16.87800
1255,28.56655,-15.53739,16.87800
1256,62.40252,-9.99051,16.87800
1257,37.16422,-5.55300,16.72200
1258,61.84783,-4.44363,16.87800
1259,41.60172,-3.61160,16.87800
1260,42.71110,-1.94753,16.87800
1261,51.03142,-37.44756,17.19000
1262,47.14860,-36.33819,17.19000
1263,49.92204,-34.67412,17.19000
1264,46.59391,-32.73272,17.03400
1265,28.56655,-31.06865,17.19000
1266,54.35954,-30.23662,17.19000
1267,47.42595,-28.84990,17.19000
1268,70.44550,-28.01787,17.19000
1269,39.66031,-24.96708,17.19000
1270,37.99625,-22.74833,17.19000
1271,67.11737,-20.80692,17.19000
1272,28.56655,-17.75614,17.19000
1273,29.12124,-14.42801,17.19000
1274,33.55875,-7.77176,17.19000
1275,39.66031,-4.99832,17.19000
1276,52.14079,-4.16628,17.19000
1277,47.14860,-2.50222,17.19000
1278,42.71110,-38.00225,17.50200
1279,56.57830,-36.89288,17.50200
1280,49.92204,-35.22881,17.50200
1281,59.62908,-33.28740,17.50200
1282,45.20719,-31.62334,17.50200
1283,47.42595,-29.95927,17.50200
1284,58.79705,-29.68193,17.50200
1285,29.39858,-27.74052,17.34600
1286,71.83221,-25.52177,17.50200
1287,67.94940,-22.19364,17.50200
1288,29.67593,-19.97489,17.50200
1289,63.23455,-17.47880,17.50200
1290,62.40252,-12.76395,17.50200
1291,36.60953,-7.21707,17.34600
1292,61.84783,-4.99832,17.50200
1293,51.58611,-4.16628,17.50200
1294,48.25798,-2.50222,17.50200
1295,46.03922,-38.00225,17.81400
1296,34.94547,-36.06084,17.65800
1297,33.00406,-34.39678,17.81400
1298,29.67593,-32.73272,17.81400
1299,59.35173,-31.90068,17.81400
1300,55.46892,-30.79131,17.81400
1301,49.64470,-29.40459,17.81400
1302,27.73452,-28.01787,17.81400
1303,39.66031,-24.96708,17.81400
1304,26.62514,-21.08427,17.65800
1305,30.78531,-18.86552,17.81400
1306,64.06658,-16.09208,17.81400
1307,63.51189,-11.09988,17.81400
1308,36.60953,-6.38504,17.81400
1309,42.15641,-4.44363,17.65800
1310,39.38297,-4.16628,17.81400
1311,42.71110,-2.50222,17.81400
1312,48.81266,-38.00225,18.12600
1313,37.16422,-36.33819,18.12600
1314,49.09001,-34.39678,18.12600
1315,31.33999,-32.73272,18.12600
1316,61.57049,-31.90068,18.12600
1317,56.30095,-30.51396,18.12600
1318,68.78143,-29.68193,18.12600
1319,29.67593,-27.18583,18.12600
1320,70.44550,-25.24443,18.12600
1321,67.94940,-21.08427,18.12600
1322,65.73064,-18.86552,18.12600
1323,64.34393,-16.36942,18.12600
1324,29.39858,-11.37723,18.12600
1325,33.28140,-6.93972,18.12600
1326,47.70329,-4.99832,17.97000
1327,62.40252,-3.88894,18.12600
1328,56.57830,-2.77956,17.97000
1329,49.92204,-38.00225,18.43800
1330,45.20719,-36.06084,18.43800
1331,49.64470,-34.39678,18.43800
1332,47.70329,-33.01006,18.43800
1333,61.57049,-31.62334,18.28200
1334,51.58611,-30.51396,18.28200
1335,57.13298,-29.68193,18.43800
1336,27.73452,-26.90849,18.43800
1337,28.84390,-23.85771,18.28200
1338,68.22675,-21.36161,18.43800
1339,27.45718,-18.86552,18.43800
1340,29.39858,-16.64676,18.28200
1341,62.12518,-11.93192,18.43800
1342,37.44156,-7.21707,18.43800
1343,44.37516,-5.27566,18.43800
1344,55.46892,-4.72097,18.43800
1345,52.69548,-2.77956,18.28200
1346,36.05484,-37.44756,18.75000
1347,46.59391,-36.33819,18.75000
1348,56.85564,-34.39678,18.75000
1349,60.18377,-32.73272,18.75000
1350,59.35173,-31.90068,18.75000
1351,52.14079,-30.79131,18.75000
1352,66.56268,-29.40459,18.59400
1353,56.85564,-27.18583,18.75000
1354,27.45718,-24.41240,18.75000
1355,69.89081,-21.91630,18.75000
1356,30.50796,-19.42020,18.59400
1357,29.39858,-17.20145,18.59400
1358,64.06658,-13.87332,18.75000
1359,62.40252,-8.32644,18.75000
1360,61.84783,-6.10769,18.75000
1361,53.25017,-4.99832,18.59400
1362,59.90643,-3.61160,18.75000
1363,42.71110,-38.00225,19.06200
1364,56.02361,-36.89288,19.06200
1365,50.19938,-34.95147,19.06200
1366,30.23062,-32.73272,19.06200
1367,29.95327,-31.90068,19.06200
1368,60.73846,-31.06865,19.06200
1369,28.56655,-29.40459,19.06200
1370,29.67593,-27.18583,19.06200
1371,27.45718,-24.41240,19.06200
1372,69.05878,-21.63896,19.06200
1373,27.45718,-19.42020,19.06200
1374,32.44937,-17.20145,19.06200
1375,30.23062,-13.87332,19.06200
1376,29.39858,-9.15848,19.06200
1377,37.44156,-6.10769,19.06200
1378,50.47673,-5.27566,19.06200
1379,44.37516,-3.33425,18.90600
1380,51.58611,-3.05691,19.06200
1381,34.94547,-36.89288,19.37400
1382,32.44937,-35.50616,19.37400
1383,57.13298,-34.11943,19.37400
1384,31.89468,-32.17803,19.37400
1385,63.23455,-31.62334,19.21800
1386,67.11737,-30.79131,19.37400
1387,30.23062,-27.74052,19.37400
1388,28.01187,-24.96708,19.37400
1389,32.17202,-22.47099,19.37400
1390,67.67206,-20.80692,19.37400
1391,34.11343,-18.31083,19.37400
1392,28.28921,-15.53739,19.21800
1393,29.95327,-9.99051,19.21800
1394,37.71890,-7.49441,19.37400
1395,49.36735,-5.83035,19.37400
1396,55.46892,-5.27566,19.37400
1397,54.35954,-3.33425,19.21800
1398,52.69548,-37.44756,19.68600
1399,32.72671,-35.78350,19.68600
1400,55.46892,-34.11943,19.68600
1401,49.36735,-32.17803,19.53000
1402,31.61734,-31.34599,19.68600
1403,30.50796,-28.84990,19.53000
1404,69.05878,-26.07646,19.68600
1405,32.17202,-22.74833,19.53000
1406,66.00799,-21.36161,19.68600
1407,33.55875,-18.86552,19.68600
1408,28.01187,-17.20145,19.68600
1409,30.78531,-14.98270,19.68600
1410,63.51189,-10.54520,19.68600
1411,35.50015,-7.49441,19.68600
1412,47.70329,-5.83035,19.68600
1413,61.29314,-4.99832,19.68600
1414,54.35954,-3.61160,19.68600
1415,34.94547,-36.89288,19.99800
1416,45.76188,-35.50616,19.99800
1417,62.95721,-33.84209,19.99800
1418,61.01580,-32.45537,19.99800
1419,66.28533,-31.06865,19.99800
1420,30.50796,-28.01787,19.99800
1421,33.28140,-24.13505,19.99800
1422,67.39471,-22.19364,19.99800
1423,66.84003,-19.97489,19.99800
1424,30.50796,-18.03348,19.99800
1425,30.78531,-15.53739,19.99800
1426,30.78531,-11.09988,19.99800
1427,33.83609,-8.04910,19.99800
1428,57.68767,-6.38504,19.99800
1429,56.57830,-5.83035,19.99800
1430,44.92985,-3.61160,19.99800
1431,37.71890,-37.44756,20.31000
1432,57.13298,-36.33819,20.31000
1433,56.57830,-34.39678,20.15400
1434,63.78924,-33.01006,20.31000
1435,63.23455,-31.34599,20.31000
1436,67.11737,-28.01787,20.31000
1437,34.39078,-24.41240,20.15400
1438,34.11343,-22.19364,20.31000
1439,64.06658,-19.97489,20.31000
1440,65.73064,-18.31083,20.31000
1441,64.62127,-15.53739,20.31000
1442,29.67593,-9.99051,20.31000
1443,34.94547,-7.49441,20.31000
1444,58.24236,-6.38504,20.31000
1445,41.60172,-4.16628,20.31000
1446,57.68767,-4.16628,20.31000
1447,38.27359,-36.89288,20.62200
1448,47.42595,-35.50616,20.62200
1449,50.75407,-33.84209,20.62200
1450,51.86345,-32.17803,20.62200
1451,29.95327,-30.79131,20.62200
1452,30.50796,-27.18583,20.46600
1453,35.22281,-24.41240,20.62200
1454,67.67206,-22.47099,20.62200
1455,31.61734,-20.25224,20.62200
1456,32.72671,-18.58817,20.62200
1457,30.78531,-15.53739,20.62200
1458,61.84783,-11.09988,20.62200
1459,35.50015,-8.60379,20.62200
1460,60.46111,-6.93972,20.62200
1461,56.02361,-6.38504,20.62200
1462,43.82047,-4.16628,20.62200
1463,50.19938,-37.72491,20.93400
1464,56.57830,-36.33819,20.93400
1465,31.61734,-34.11943,20.93400
1466,56.30095,-32.17803,20.93400
1467,31.33999,-29.95927,20.93400
1468,69.89081,-26.90849,20.93400
1469,69.05878,-23.85771,20.93400
1470,30.78531,-21.91630,20.77800
1471,35.50015,-19.42020,20.77800
1472,28.84390,-17.47880,20.93400
1473,62.40252,-13.87332,20.93400
1474,62.95721,-9.43582,20.93400
1475,60.46111,-7.49441,20.93400
1476,49.36735,-6.38504,20.93400
1477,57.13298,-4.72097,20.93400
1478,48.81266,-38.00225,21.24600
1479,42.15641,-36.33819,21.24600
1480,32.17202,-34.67412,21.24600
1481,64.06658,-32.73272,21.24600
1482,62.67986,-31.34599,21.24600
1483,30.78531,-27.74052,21.24600
1484,28.56655,-24.41240,21.24600
1485,28.56655,-21.63896,21.24600
1486,66.56268,-19.69755,21.24600
1487,34.39078,-17.47880,21.24600
1488,29.95327,-14.15067,21.24600
1489,62.95721,-9.99051,21.24600
1490,36.05484,-7.49441,21.24600
1491,42.71110,-6.38504,21.24600
1492,42.71110,-4.44363,21.09000
1493,46.03922,-38.00225,21.55800
1494,38.27359,-36.33819,21.55800
1495,32.44937,-34.95147,21.55800
1496,59.62908,-32.73272,21.55800
1497,64.89861,-31.90068,21.55800
1498,31.06265,-28.29521,21.40200
1499,68.50409,-24.96708,21.55800
1500,69.61346,-22.19364,21.55800
1501,29.12124,-18.86552,21.55800
1502,29.12124,-16.64676,21.55800
1503,62.40252,-13.31864,21.55800
1504,61.29314,-9.43582,21.55800
1505,57.68767,-7.49441,21.55800
1506,53.80486,-6.93972,21.55800
1507,57.68767,-4.99832,21.40200
1508,44.37516,-4.16628,21.55800
1509,34.39078,-36.33819,21.87000
1510,57.68767,-35.78350,21.87000
1511,51.30876,-33.28740,21.87000
1512,64.34393,-32.45537,21.87000
1513,31.61734,-29.68193,21.87000
1514,29.12124,-25.52177,21.87000
1515,68.22675,-23.02567,21.87000
1516,66.84003,-19.97489,21.87000
1517,63.51189,-16.64676,21.87000
1518,30.50796,-12.20926,21.71400
1519,36.05484,-9.15848,21.87000
1520,58.24236,-7.49441,21.87000
1521,43.82047,-6.38504,21.87000
1522,49.92204,-4.72097,21.87000
1523,53.25017,-36.89288,22.18200
1524,57.68767,-35.78350,22.18200
1525,51.03142,-33.56475,22.18200
1526,32.72671,-31.90068,22.18200
1527,66.84003,-29.95927,22.18200
1528,67.67206,-26.35380,22.18200
1529,33.00406,-23.30302,22.18200
1530,63.51189,-19.97489,22.18200
1531,31.61734,-16.09208,22.02600
1532,30.78531,-12.20926,22.18200
1533,60.73846,-9.43582,22.18200
1534,39.93766,-7.49441,22.18200
1535,49.36735,-6.93972,22.18200
1536,56.02361,-5.27566,22.18200
1537,48.25798,-37.44756,22.49400
1538,33.83609,-35.78350,22.49400
1539,49.92204,-34.11943,22.49400
1540,55.46892,-32.17803,22.33800
1541,30.23062,-29.95927,22.49400
1542,29.67593,-26.63115,22.49400
1543,34.66812,-24.41240,22.49400
1544,65.73064,-21.08427,22.49400
1545,65.17596,-17.75614,22.49400
1546,32.44937,-13.87332,22.49400
1547,60.73846,-9.99051,22.49400
1548,58.24236,-7.77176,22.33800
1549,43.82047,-6.93972,22.49400
1550,53.25017,-5.27566,22.49400
1551,39.38297,-37.44756,22.80600
1552,36.05484,-35.78350,22.80600
1553,53.52751,-33.84209,22.80600
1554,33.00406,-32.17803,22.80600
1555,32.17202,-30.23662,22.80600
1556,69.05878,-26.63115,22.80600
1557,68.50409,-23.85771,22.80600
1558,64.89861,-20.80692,22.80600
1559,65.17596,-17.20145,22.80600
1560,61.84783,-12.76395,22.80600
1561,36.05484,-9.71316,22.80600
1562,55.46892,-8.04910,22.80600
1563,42.71110,-6.93972,22.80600
1564,47.14860,-4.99832,22.65000
1565,37.71890,-37.44756,23.11800
1566,34.39078,-35.78350,23.11800
1567,34.39078,-34.11943,23.11800
1568,62.67986,-33.01006,23.11800
1569,30.78531,-29.95927,23.11800
1570,29.95327,-26.90849,23.11800
1571,29.67593,-23.85771,23.11800
1572,33.28140,-21.08427,22.96200
1573,66.00799,-19.14286,23.11800
1574,61.84783,-14.98270,23.11800
1575,61.01580,-11.09988,22.96200
1576,57.41033,-8.32644,23.11800
1577,46.87126,-7.21707,23.11800
1578,54.35954,-5.55300,22.96200
1579,47.70329,-38.00225,23.43000
1580,34.11343,-35.50616,23.43000
1581,50.47673,-34.67412,23.43000
1582,55.46892,-33.01006,23.43000
1583,65.17596,-31.06865,23.43000
1584,67.94940,-27.74052,23.43000
1585,70.16815,-24.96708,23.43000
1586,33.55875,-21.63896,23.43000
1587,66.56268,-19.69755,23.43000
1588,30.50796,-16.36942,23.43000
1589,31.89468,-11.65457,23.43000
1590,34.39078,-8.88113,23.27400
1591,54.35954,-7.77176,23.27400
1592,39.10563,-6.66238,23.43000
1593,51.58611,-5.27566,23.43000
1594,34.94547,-36.33819,23.74200
1595,49.36735,-35.22881,23.74200
1596,52.69548,-33.28740,23.58600
1597,33.28140,-31.90068,23.74200
1598,32.17202,-28.84990,23.58600
1599,31.89468,-25.52177,23.74200
1600,34.39078,-23.58036,23.74200
1601,33.83609,-20.25224,23.74200
1602,65.45330,-18.03348,23.74200
1603,31.89468,-12.76395,23.74200
1604,59.35173,-9.71316,23.74200
1605,43.82047,-7.77176,23.58600
1606,39.10563,-6.66238,23.74200
1607,50.47673,-5.27566,23.74200
1608,36.05484,-36.33819,24.05400
1609,37.16422,-35.22881,24.05400
1610,51.86345,-33.28740,24.05400
1611,31.89468,-31.62334,24.05400
1612,63.51189,-29.40459,24.05400
1613,32.72671,-26.35380,24.05400
1614,67.94940,-23.30302,24.05400
1615,30.23062,-19.97489,24.05400
1616,36.60953,-18.58817,24.05400
1617,31.33999,-13.87332,24.05400
1618,33.55875,-9.99051,24.05400
1619,61.29314,-8.88113,24.05400
1620,51.03142,-8.04910,24.05400
1621,41.60172,-5.83035,24.05400
1622,38.27359,-37.44756,24.36600
1623,34.94547,-35.78350,24.36600
1624,33.28140,-34.67412,24.36600
1625,32.17202,-32.73272,24.21000
1626,57.68767,-31.06865,24.21000
1627,65.73064,-27.74052,24.36600
1628,31.89468,-24.96708,24.36600
1629,30.23062,-22.19364,24.36600
1630,38.82828,-20.25224,24.36600
1631,34.11343,-17.20145,24.36600
1632,61.57049,-13.04129,24.36600
1633,59.07439,-9.99051,24.36600
1634,43.26579,-8.60379,24.36600
1635,59.90643,-8.04910,24.36600
1636,46.59391,-5.83035,24.36600
1637,37.71890,-36.89288,24.67800
1638,57.41033,-35.50616,24.67800
1639,55.46892,-34.11943,24.67800
1640,33.83609,-31.90068,24.67800
1641,67.11737,-28.84990,24.52200
1642,33.28140,-25.52177,24.52200
1643,69.89081,-23.02567,24.67800
1644,34.39078,-20.25224,24.67800
1645,38.27359,-18.58817,24.67800
1646,31.89468,-13.87332,24.67800
1647,36.05484,-10.54520,24.52200
1648,42.71110,-9.15848,24.67800
1649,47.70329,-8.04910,24.67800
1650,43.26579,-5.83035,24.67800
1651,51.30876,-37.17022,24.99000
1652,57.41033,-35.50616,24.99000
1653,52.69548,-34.11943,24.99000
1654,62.67986,-32.45537,24.99000
1655,33.00406,-28.84990,24.99000
1656,69.05878,-26.07646,24.99000
1657,30.50796,-22.74833,24.83400
1658,35.77750,-20.52958,24.99000
1659,38.55094,-18.86552,24.99000
1660,31.33999,-15.53739,24.99000
1661,62.95721,-12.20926,24.99000
1662,56.57830,-9.43582,24.83400
1663,59.07439,-8.32644,24.99000
1664,42.15641,-6.38504,24.99000
1665,47.14860,-37.44756,25.30200
1666,47.70329,-35.78350,25.30200
1667,34.94547,-34.11943,25.30200
1668,62.67986,-32.45537,25.30200
1669,31.33999,-28.84990,25.30200
1670,33.28140,-25.79912,25.30200
1671,35.22281,-22.19364,25.30200
1672,34.66812,-19.97489,25.30200
1673,64.89861,-18.58817,25.30200
1674,34.39078,-13.87332,25.14600
1675,62.40252,-10.54520,25.30200
1676,36.05484,-8.60379,25.30200
1677,57.41033,-7.77176,25.30200
1678,52.14079,-6.38504,25.30200
1679,35.50015,-36.06084,25.45800
1680,43.26579,-35.22881,25.61400
1681,55.19157,-33.84209,25.61400
1682,62.95721,-32.17803,25.61400
1683,33.28140,-28.84990,25.45800
1684,68.78143,-26.35380,25.61400
1685,35.77750,-22.19364,25.61400
1686,34.39078,-19.97489,25.45800
1687,37.44156,-18.31083,25.61400
1688,63.78924,-14.70536,25.61400
1689,36.60953,-10.82254,25.61400
1690,38.82828,-9.15848,25.61400
1691,38.55094,-7.77176,25.61400
1692,49.36735,-6.38504,25.61400
1693,35.77750,-36.06084,25.92600
1694,48.81266,-35.22881,25.92600
1695,53.52751,-33.28740,25.92600
1696,64.34393,-31.34599,25.92600
1697,67.11737,-28.29521,25.77000
1698,68.78143,-25.79912,25.92600
1699,31.33999,-22.19364,25.92600
1700,39.66031,-19.97489,25.92600
1701,35.77750,-17.75614,25.92600
1702,63.78924,-14.70536,25.92600
1703,34.39078,-10.82254,25.92600
1704,54.91423,-9.43582,25.77000
1705,45.48454,-8.60379,25.92600
1706,53.25017,-6.66238,25.77000
1707,50.47673,-37.17022,26.08200
1708,42.71110,-34.95147,26.08200
1709,34.94547,-33.56475,26.23800
1710,57.68767,-31.90068,26.23800
1711,34.11343,-28.84990,26.23800
1712,31.33999,-26.07646,26.23800
1713,31.33999,-23.30302,26.23800
1714,64.62127,-20.52958,26.23800
1715,65.45330,-18.58817,26.23800
1716,62.12518,-14.70536,26.23800
1717,58.51970,-11.09988,26.23800
1718,39.10563,-9.43582,26.23800
1719,43.82047,-8.60379,26.23800
1720,52.69548,-6.93972,26.23800
1721,50.47673,-36.89288,26.55000
1722,44.65250,-34.95147,26.55000
1723,54.08220,-33.28740,26.55000
1724,38.55094,-31.62334,26.55000
1725,65.73064,-29.40459,26.55000
1726,31.33999,-26.63115,26.55000
1727,35.50015,-24.68974,26.55000
1728,39.93766,-20.80692,26.55000
1729,66.00799,-19.14286,26.55000
1730,64.62127,-16.64676,26.55000
1731,33.55875,-12.20926,26.55000
1732,57.13298,-10.82254,26.55000
1733,59.35173,-9.71316,26.55000
1734,38.27359,-8.04910,26.55000
1735,48.25798,-6.38504,26.55000
1736,45.76188,-35.50616,26.86200
1737,51.03142,-34.67412,26.86200
1738,62.12518,-33.01006,26.86200
1739,32.44937,-30.51396,26.86200
1740,34.39078,-28.57256,26.86200
1741,68.22675,-26.35380,26.86200
1742,35.77750,-23.30302,26.86200
1743,64.89861,-20.80692,26.86200
1744,36.33218,-18.31083,26.86200
1745,32.44937,-14.98270,26.86200
1746,59.07439,-11.65457,26.86200
1747,35.50015,-9.99051,26.70600
1748,49.36735,-9.15848,26.86200
1749,53.80486,-7.49441,26.86200
1750,48.25798,-37.44756,27.17400
1751,39.93766,-35.22881,27.17400
1752,53.52751,-33.84209,27.17400
1753,58.79705,-32.17803,27.01800
1754,34.11343,-29.95927,27.17400
1755,36.33218,-27.74052,27.17400
1756,66.84003,-24.96708,27.17400
1757,34.94547,-22.47099,27.17400
1758,63.23455,-19.97489,27.01800
1759,64.89861,-18.03348,27.17400
1760,33.00406,-13.87332,27.17400
1761,56.85564,-11.09988,27.17400
1762,36.88687,-9.43582,27.17400
1763,38.27359,-8.60379,27.17400
1764,48.81266,-6.93972,27.17400
1765,54.63689,-36.06084,27.48600
1766,37.16422,-34.67412,27.48600
1767,54.91423,-33.01006,27.48600
1768,56.57830,-31.34599,27.48600
1769,32.44937,-28.84990,27.48600
1770,31.89468,-26.63115,27.48600
1771,69.33612,-24.13505,27.48600
1772,67.94940,-21.08427,27.48600
1773,37.71890,-19.14286,27.48600
1774,64.34393,-15.81473,27.48600
1775,58.79705,-11.93192,27.48600
1776,59.35173,-10.26785,27.48600
1777,48.81266,-9.15848,27.48600
1778,46.59391,-6.93972,27.48600
1779,54.63689,-36.06084,27.79800
1780,44.92985,-34.67412,27.79800
1781,56.57830,-32.73272,27.64200
1782,64.06658,-31.06865,27.79800
1783,35.50015,-28.84990,27.64200
1784,64.89861,-26.90849,27.79800
1785,69.61346,-23.85771,27.79800
1786,63.78924,-20.80692,27.79800
1787,62.95721,-17.75614,27.79800
1788,33.55875,-13.31864,27.79800
1789,60.73846,-11.09988,27.79800
1790,37.16422,-9.71316,27.79800
1791,55.46892,-8.60379,27.79800
1792,46.03922,-37.44756,28.11000
1793,41.04703,-35.22881,28.11000
1794,36.60953,-34.11943,28.11000
1795,56.57830,-32.17803,27.95400
1796,39.38297,-30.51396,27.95400
1797,35.22281,-28.29521,28.11000
1798,68.22675,-26.07646,27.95400
1799,36.05484,-23.58036,28.11000
1800,35.77750,-19.97489,28.11000
1801,37.44156,-17.75614,28.11000
1802,35.50015,-14.15067,28.11000
1803,38.27359,-11.37723,28.11000
1804,59.35173,-10.26785,28.11000
1805,54.63689,-8.32644,28.11000
1806,43.26579,-37.44756,28.42200
1807,35.22281,-34.95147,28.42200
1808,51.03142,-34.67412,28.42200
1809,40.21500,-32.73272,28.42200
1810,60.18377,-31.06865,28.42200
1811,37.71890,-29.12724,28.42200
1812,64.89861,-26.90849,28.42200
1813,38.27359,-24.13505,28.42200
1814,64.62127,-21.08427,28.42200
1815,62.95721,-18.86552,28.42200
1816,64.06658,-15.53739,28.42200
1817,59.35173,-12.48660,28.42200
1818,36.60953,-10.26785,28.42200
1819,38.55094,-8.88113,28.42200
1820,51.03142,-7.49441,28.42200
1821,54.91423,-35.78350,28.73400
1822,45.48454,-34.67412,28.73400
1823,36.05484,-33.01006,28.73400
1824,62.67986,-31.90068,28.73400
1825,62.12518,-29.68193,28.73400
1826,32.44937,-26.63115,28.73400
1827,66.84003,-24.41240,28.73400
1828,68.78143,-21.91630,28.73400
1829,32.44937,-18.31083,28.73400
1830,35.50015,-14.70536,28.73400
1831,57.13298,-11.93192,28.73400
1832,52.69548,-9.99051,28.57800
1833,54.91423,-8.60379,28.73400
1834,41.04703,-36.89288,29.04600
1835,49.64470,-34.95147,29.04600
1836,52.14079,-34.11943,29.04600
1837,56.02361,-32.45537,29.04600
1838,36.88687,-30.51396,29.04600
1839,62.67986,-29.12724,29.04600
1840,36.05484,-26.07646,28.89000
1841,38.27359,-23.58036,29.04600
1842,67.39471,-20.52958,29.04600
1843,33.00406,-17.20145,29.04600
1844,61.01580,-14.15067,29.04600
1845,61.57049,-11.93192,29.04600
1846,49.64470,-9.99051,29.04600
1847,54.91423,-8.60379,29.04600
1848,42.15641,-36.89288,29.35800
1849,56.02361,-35.22881,29.35800
1850,59.35173,-34.11943,29.35800
1851,44.65250,-32.17803,29.35800
1852,59.90643,-30.79131,29.35800
1853,63.51189,-28.29521,29.35800
1854,39.38297,-25.52177,29.20200
1855,34.94547,-22.47099,29.35800
1856,36.33218,-19.97489,29.35800
1857,33.00406,-17.20145,29.35800
1858,39.38297,-13.87332,29.20200
1859,35.50015,-11.65457,29.20200
1860,37.16422,-10.26785,29.35800
1861,54.91423,-8.88113,29.20200
1862,47.70329,-37.44756,29.67000
1863,45.76188,-34.95147,29.67000
1864,43.26579,-34.11943,29.67000
1865,34.39078,-32.45537,29.67000
1866,35.50015,-30.79131,29.67000
1867,33.00406,-28.29521,29.67000
1868,65.45330,-25.79912,29.67000
1869,32.44937,-22.19364,29.67000
1870,67.11737,-20.25224,29.67000
1871,33.28140,-16.36942,29.67000
1872,62.95721,-13.87332,29.67000
1873,38.27359,-11.93192,29.67000
1874,43.82047,-10.26785,29.67000
1875,41.87906,-8.32644,29.67000
1876,48.25798,-37.44756,29.98200
1877,46.59391,-34.95147,29.82600
1878,42.71110,-34.11943,29.98200
1879,36.05484,-32.17803,29.82600
1880,63.78924,-30.79131,29.98200
1881,66.56268,-27.74052,29.82600
1882,39.10563,-24.96708,29.98200
1883,66.84003,-22.74833,29.98200
1884,36.88687,-19.97489,29.98200
1885,64.89861,-16.92411,29.98200
1886,38.55094,-14.42801,29.98200
1887,37.99625,-12.20926,29.98200
1888,57.68767,-10.54520,29.82600
1889,55.46892,-9.15848,29.98200
1890,44.92985,-36.89288,30.29400
1891,40.76969,-34.39678,30.29400
1892,43.26579,-33.56475,30.29400
1893,62.95721,-31.62334,30.29400
1894,38.27359,-29.40459,30.13800
1895,37.99625,-26.63115,30.29400
1896,33.00406,-23.85771,30.29400
1897,68.50409,-21.63896,30.29400
1898,66.00799,-19.14286,30.29400
1899,37.71890,-15.53739,30.13800
1900,59.90643,-13.87332,30.13800
1901,56.57830,-11.93192,30.29400
1902,48.25798,-10.26785,30.29400
1903,46.59391,-8.04910,30.29400
1904,37.71890,-35.78350,30.60600
1905,37.99625,-33.84209,30.60600
1906,56.02361,-33.01006,30.60600
1907,38.27359,-30.79131,30.60600
1908,36.88687,-27.74052,30.60600
1909,65.17596,-25.52177,30.60600
1910,37.71890,-22.74833,30.45000
1911,33.00406,-19.97489,30.60600
1912,36.05484,-16.36942,30.60600
1913,37.16422,-14.15067,30.60600
1914,60.73846,-12.20926,30.60600
1915,38.27359,-9.99051,30.45000
1916,52.14079,-8.60379,30.60600
1917,39.93766,-36.33819,30.91800
1918,50.19938,-34.39678,30.91800
1919,60.18377,-33.28740,30.91800
1920,34.39078,-31.06865,30.76200
1921,38.82828,-29.68193,30.91800
1922,37.44156,-26.63115,30.91800
1923,69.05878,-24.41240,30.91800
1924,64.62127,-21.63896,30.91800
1925,38.27359,-18.58817,30.91800
1926,61.29314,-15.53739,30.91800
1927,57.41033,-13.31864,30.91800
1928,57.96502,-11.09988,30.91800
1929,54.91423,-9.71316,30.91800
1930,41.04703,-36.89288,31.23000
1931,36.33218,-34.39678,31.23000
1932,35.22281,-33.28740,31.23000
1933,39.66031,-31.62334,31.23000
1934,38.27359,-29.68193,31.23000
1935,36.88687,-26.63115,31.23000
1936,65.73064,-24.41240,31.23000
1937,36.88687,-21.63896,31.23000
1938,33.55875,-18.31083,31.23000
1939,64.34393,-15.81473,31.23000
1940,61.01580,-13.04129,31.23000
1941,42.98844,-10.54520,31.23000
1942,52.41814,-8.88113,31.23000
1943,46.59391,-36.89288,31.54200
1944,44.92985,-34.67412,31.54200
1945,35.77750,-33.28740,31.54200
1946,38.27359,-31.90068,31.54200
1947,64.06658,-29.95927,31.54200
1948,66.56268,-27.46318,31.54200
1949,36.88687,-24.41240,31.54200
1950,37.71890,-21.91630,31.54200
1951,33.55875,-18.31083,31.54200
1952,37.44156,-14.98270,31.54200
1953,36.33218,-12.20926,31.54200
1954,43.54313,-10.54520,31.54200
1955,41.60172,-9.15848,31.54200
1956,46.59391,-36.89288,31.85400
1957,44.65250,-34.39678,31.85400
1958,53.80486,-33.56475,31.85400
1959,57.13298,-31.90068,31.85400
1960,61.57049,-29.40459,31.69800
1961,67.39471,-26.07646,31.85400
1962,38.55094,-23.30302,31.85400
1963,33.28140,-20.80692,31.85400
1964,37.44156,-17.75614,31.85400
1965,38.55094,-14.42801,31.85400
1966,36.05484,-12.48660,31.85400
1967,45.48454,-10.82254,31.85400
1968,43.26579,-8.60379,31.85400
1969,37.99625,-35.50616,32.16600
1970,44.92985,-34.11943,32.16600
1971,37.16422,-32.17803,32.01000
1972,37.44156,-30.51396,32.16600
1973,34.11343,-27.74052,32.16600
1974,37.99625,-24.41240,32.16600
1975,33.55875,-21.08427,32.16600
1976,33.55875,-17.75614,32.16600
1977,63.51189,-14.98270,32.16600
1978,57.13298,-13.59598,32.16600
1979,37.16422,-11.37723,32.16600
1980,40.49234,-9.71316,32.16600
1981,49.92204,-36.89288,32.47800
1982,49.92204,-34.67412,32.47800
1983,55.19157,-33.28740,32.47800
1984,43.26579,-31.90068,32.47800
1985,61.84783,-29.40459,32.47800
1986,39.10563,-26.07646,32.47800
1987,65.73064,-23.30302,32.47800
1988,63.23455,-20.25224,32.47800
1989,34.66812,-16.09208,32.47800
1990,62.40252,-14.42801,32.47800
1991,39.93766,-12.48660,32.47800
1992,44.37516,-10.82254,32.47800
1993,46.59391,-8.60379,32.47800
1994,37.44156,-34.95147,32.79000
1995,58.51970,-33.84209,32.79000
1996,39.38297,-32.45537,32.79000
1997,63.51189,-30.51396,32.79000
1998,64.34393,-26.90849,32.79000
1999,38.82828,-24.13505,32.79000
2000,67.39471,-21.08427,32.79000
2001,37.71890,-17.75614,32.63400
2002,34.94547,-14.98270,32.63400
2003,56.85564,-13.31864,32.79000
2004,37.99625,-11.09988,32.79000
2005,54.35954,-9.99051,32.63400
2006,45.48454,-36.89288,33.10200
2007,42.98844,-34.39678,33.10200
2008,40.49234,-33.56475,33.10200
2009,44.09782,-32.17803,33.10200
2010,34.66812,-29.40459,33.10200
2011,66.84003,-26.63115,33.10200
2012,68.50409,-23.30302,33.10200
2013,39.93766,-20.52958,32.94600
2014,61.84783,-17.20145,33.10200
2015,41.04703,-14.42801,32.94600
2016,36.60953,-12.48660,33.10200
2017,56.57830,-11.37723,33.10200
2018,45.48454,-8.60379,33.10200
2019,49.09001,-34.95147,33.41400
2020,40.21500,-33.28740,33.41400
2021,43.26579,-32.45537,33.41400
2022,39.66031,-29.95927,33.41400
2023,39.38297,-26.90849,33.41400
2024,37.16422,-23.30302,33.25800
2025,64.06658,-21.08427,33.41400
2026,61.29314,-17.75614,33.41400
2027,59.35173,-15.26004,33.41400
2028,39.93766,-13.04129,33.41400
2029,46.03922,-11.37723,33.41400
2030,43.26579,-9.15848,33.41400
2031,53.25017,-36.33819,33.72600
2032,45.48454,-34.11943,33.72600
2033,60.46111,-33.01006,33.72600
2034,59.90643,-30.79131,33.72600
2035,39.66031,-27.18583,33.72600
2036,36.88687,-23.58036,33.57000
2037,37.99625,-20.52958,33.72600
2038,61.29314,-17.20145,33.72600
2039,57.96502,-14.42801,33.72600
2040,52.97282,-12.20926,33.72600
2041,39.38297,-10.82254,33.72600
2042,44.37516,-36.89288,34.03800
2043,47.70329,-34.67412,34.03800
2044,54.91423,-33.56475,34.03800
2045,61.84783,-31.62334,34.03800
2046,61.57049,-29.12724,34.03800
2047,34.11343,-24.96708,34.03800
2048,33.83609,-21.08427,33.88200
2049,65.73064,-18.31083,34.03800
2050,58.79705,-15.26004,34.03800
2051,54.08220,-12.76395,34.03800
2052,48.81266,-11.37723,34.03800
2053,42.71110,-36.89288,34.35000
2054,46.03922,-34.39678,34.19400
2055,44.65250,-33.28740,34.35000
2056,40.76969,-31.62334,34.35000
2057,61.57049,-29.12724,34.35000
2058,39.66031,-25.52177,34.35000
2059,38.55094,-21.63896,34.35000
2060,34.39078,-18.31083,34.19400
2061,39.10563,-15.53739,34.35000
2062,40.21500,-13.31864,34.35000
2063,50.47673,-11.93192,34.35000
2064,50.47673,-9.43582,34.19400
2065,39.38297,-35.78350,34.66200
2066,44.92985,-34.11943,34.66200
2067,60.73846,-32.73272,34.66200
2068,35.50015,-30.23662,34.66200
2069,66.00799,-27.46318,34.66200
2070,38.82828,-24.13505,34.66200
2071,66.84003,-20.52958,34.66200
2072,61.57049,-18.03348,34.66200
2073,39.38297,-15.26004,34.66200
2074,41.32438,-12.76395,34.66200
2075,48.25798,-11.37723,34.66200
2076,43.54313,-36.61553,34.97400
2077,45.48454,-34.67412,34.97400
2078,36.33218,-32.73272,34.97400
2079,35.77750,-31.06865,34.97400
2080,65.17596,-28.29521,34.97400
2081,64.89861,-25.52177,34.81800
2082,37.99625,-21.08427,34.97400
2083,38.82828,-19.14286,34.97400
2084,37.71890,-16.36942,34.97400
2085,36.88687,-13.31864,34.97400
2086,45.48454,-11.93192,34.97400
2087,53.25017,-10.26785,34.97400
2088,52.69548,-36.33819,35.28600
2089,57.68767,-34.11943,35.28600
2090,60.46111,-32.45537,35.28600
2091,63.78924,-30.23662,35.28600
2092,37.44156,-26.63115,35.28600
2093,65.45330,-23.58036,35.28600
2094,38.82828,-19.97489,35.13000
2095,37.16422,-16.92411,35.28600
2096,56.57830,-14.15067,35.28600
2097,38.55094,-11.65457,35.28600
2098,44.37516,-9.71316,35.28600
2099,53.52751,-36.06084,35.59800
2100,54.08220,-33.84209,35.59800
2101,44.92985,-31.90068,35.59800
2102,35.22281,-28.84990,35.59800
2103,34.66812,-26.07646,35.59800
2104,34.66812,-22.74833,35.59800
2105,66.28533,-19.97489,35.59800
2106,59.35173,-16.92411,35.59800
2107,60.46111,-14.70536,35.59800
2108,57.68767,-12.48660,35.59800
2109,52.14079,-10.26785,35.59800
2110,52.69548,-36.33819,35.91000
2111,57.68767,-34.11943,35.91000
2112,61.57049,-31.90068,35.91000
2113,35.50015,-28.57256,35.91000
2114,40.21500,-25.52177,35.91000
2115,39.38297,-21.63896,35.75400
2116,65.73064,-18.31083,35.91000
2117,63.78924,-16.36942,35.91000
2118,37.16422,-13.59598,35.91000
2119,45.48454,-11.93192,35.91000
2120,47.70329,-9.71316,35.91000
2121,56.02361,-35.22881,36.22200
2122,36.88687,-32.73272,36.22200
2123,62.67986,-31.34599,36.22200
2124,39.93766,-28.01787,36.22200
2125,64.89861,-25.24443,36.22200
2126,66.84003,-21.08427,36.22200
2127,39.93766,-17.47880,36.22200
2128,39.10563,-14.98270,36.22200
2129,37.99625,-12.76395,36.22200
2130,54.63689,-11.09988,36.22200
2131,49.92204,-36.89288,36.53400
2132,57.13298,-34.67412,36.53400
2133,41.04703,-32.45537,36.53400
2134,35.77750,-29.95927,36.53400
2135,35.22281,-27.74052,36.53400
2136,35.22281,-24.96708,36.53400
2137,66.84003,-21.08427,36.53400
2138,61.57049,-17.75614,36.37800
2139,36.33218,-14.98270,36.53400
2140,58.24236,-13.31864,36.37800
2141,56.02361,-11.93192,36.53400
2142,48.25798,-36.89288,36.84600
2143,50.47673,-34.67412,36.84600
2144,37.16422,-32.45537,36.84600
2145,63.51189,-30.51396,36.84600
2146,65.17596,-28.29521,36.84600
2147,39.93766,-25.24443,36.84600
2148,62.95721,-21.08427,36.84600
2149,65.17596,-18.31083,36.84600
2150,58.79705,-15.81473,36.84600
2151,59.35173,-14.15067,36.84600
2152,46.59391,-11.93192,36.84600
2153,44.37516,-36.89288,37.15800
2154,47.42595,-34.39678,37.15800
2155,42.43375,-32.73272,37.15800
2156,62.12518,-31.34599,37.15800
2157,40.76969,-28.29521,37.15800
2158,35.22281,-24.96708,37.15800
2159,39.93766,-21.08427,37.00200
2160,61.84783,-18.31083,37.15800
2161,38.27359,-15.81473,37.15800
2162,54.35954,-13.59598,37.15800
2163,46.59391,-11.93192,37.15800
2164,46.59391,-36.89288,37.47000
2165,49.64470,-34.39678,37.47000
2166,45.20719,-32.73272,37.47000
2167,36.60953,-30.79131,37.47000
2168,61.57049,-28.57256,37.47000
2169,66.56268,-26.07646,37.31400
2170,64.89861,-22.47099,37.47000
2171,37.71890,-18.31083,37.31400
2172,36.33218,-15.53739,37.47000
2173,38.55094,-12.76395,37.47000
2174,41.04703,-11.37723,37.47000
2175,49.36735,-36.89288,37.78200
2176,37.99625,-33.84209,37.78200
2177,41.32438,-32.17803,37.78200
2178,60.46111,-30.23662,37.78200
2179,62.95721,-27.74052,37.78200
2180,64.89861,-24.68974,37.78200
2181,64.06658,-20.52958,37.78200
2182,39.10563,-17.20145,37.78200
2183,60.46111,-15.26004,37.78200
2184,39.10563,-12.20926,37.78200
2185,43.26579,-10.26785,37.78200
2186,41.04703,-35.78350,38.09400
2187,46.59391,-33.56475,38.09400
2188,61.84783,-31.62334,38.09400
2189,41.04703,-28.84990,37.93800
2190,39.66031,-26.07646,38.09400
2191,64.89861,-22.47099,38.09400
2192,61.57049,-18.58817,38.09400
2193,62.67986,-16.36942,38.09400
2194,42.43375,-13.31864,38.09400
2195,41.04703,-11.37723,38.09400
2196,49.92204,-36.89288,38.40600
2197,38.55094,-33.84209,38.40600
2198,56.57830,-32.45537,38.40600
2199,40.49234,-29.68193,38.40600
2200,62.95721,-27.18583,38.40600
2201,39.93766,-24.13505,38.40600
2202,35.22281,-20.52958,38.40600
2203,64.34393,-18.03348,38.40600
2204,60.18377,-14.98270,38.40600
2205,52.14079,-13.04129,38.40600
2206,52.14079,-10.82254,38.40600
2207,41.04703,-35.78350,38.71800
2208,59.35173,-33.56475,38.71800
2209,59.35173,-30.79131,38.71800
2210,38.27359,-28.57256,38.71800
2211,64.34393,-25.24443,38.71800
2212,39.93766,-22.47099,38.71800
2213,35.50015,-18.31083,38.56200
2214,62.67986,-16.36942,38.71800
2215,37.99625,-13.31864,38.71800
2216,56.02361,-12.48660,38.71800
2217,49.36735,-36.89288,39.03000
2218,57.13298,-34.67412,39.03000
2219,60.46111,-32.45537,39.03000
2220,61.29314,-29.40459,39.03000
2221,63.78924,-26.35380,39.03000
2222,65.17596,-23.30302,39.03000
2223,65.73064,-19.97489,39.03000
2224,57.68767,-16.36942,39.03000
2225,57.96502,-13.87332,39.03000
2226,55.46892,-12.48660,39.03000
2227,48.81266,-36.89288,39.34200
2228,38.82828,-34.11943,39.34200
2229,43.82047,-31.90068,39.34200
2230,64.34393,-29.12724,39.34200
2231,37.99625,-24.96708,39.34200
2232,67.11737,-22.47099,39.34200
2233,39.93766,-18.31083,39.18600
2234,61.01580,-15.81473,39.34200
2235,44.65250,-12.76395,39.34200
2236,49.92204,-10.54520,39.18600
2237,39.93766,-35.22881,39.65400
2238,38.27359,-33.01006,39.65400
2239,62.95721,-30.51396,39.65400
2240,65.45330,-27.46318,39.65400
2241,35.77750,-23.85771,39.65400
2242,35.50015,-20.52958,39.49800
2243,60.46111,-17.47880,39.65400
2244,42.98844,-14.42801,39.65400
2245,39.38297,-12.48660,39.65400
2246,45.48454,-36.89288,39.96600
2247,51.03142,-34.67412,39.96600
2248,61.29314,-32.17803,39.96600
2249,42.15641,-29.12724,39.96600
2250,38.27359,-25.79912,39.96600
2251,35.77750,-22.19364,39.96600
2252,35.77750,-18.31083,39.96600
2253,60.73846,-15.53739,39.96600
2254,46.03922,-13.04129,39.96600
2255,44.37516,-10.82254,39.96600
2256,54.35954,-35.78350,40.27800
2257,55.74627,-33.28740,40.27800
2258,59.35173,-30.79131,40.27800
2259,36.33218,-27.18583,40.27800
2260,35.77750,-23.85771,40.27800
2261,35.77750,-19.97489,40.27800
2262,59.07439,-16.64676,40.27800
2263,53.80486,-14.15067,40.27800
2264,41.04703,-11.93192,40.27800
2265,52.14079,-36.89288,40.59000
2266,52.69548,-34.11943,40.59000
2267,61.57049,-31.90068,40.59000
2268,62.40252,-28.29521,40.59000
2269,66.84003,-24.96708,40.59000
2270,35.77750,-21.08427,40.59000
2271,41.32438,-17.75614,40.59000
2272,56.57830,-15.26004,40.59000
2273,48.81266,-13.04129,40.59000
2274,49.92204,-10.82254,40.59000
2275,47.70329,-34.67412,40.90200
2276,42.98844,-32.17803,40.90200
2277,37.16422,-29.68193,40.90200
2278,38.27359,-26.35380,40.90200
2279,38.27359,-22.74833,40.74600
2280,62.12518,-19.69755,40.90200
2281,42.15641,-16.09208,40.74600
2282,43.26579,-13.59598,40.90200
2283,50.75407,-11.09988,40.90200
2284,42.71110,-35.78350,41.21400
2285,59.35173,-33.56475,41.21400
2286,62.95721,-30.51396,41.21400
2287,40.76969,-26.63115,41.21400
2288,35.77750,-22.74833,41.21400
2289,64.89861,-19.69755,41.21400
2290,57.13298,-16.09208,41.05800
2291,49.09001,-13.31864,41.21400
2292,43.54313,-11.09988,41.21400
2293,42.71110,-35.78350,41.52600
2294,46.59391,-33.56475,41.52600
2295,59.07439,-31.06865,41.52600
2296,65.17596,-27.74052,41.52600
2297,40.49234,-23.30302,41.37000
2298,35.77750,-19.97489,41.52600
2299,61.84783,-16.64676,41.52600
2300,57.68767,-14.15067,41.52600
2301,42.15641,-11.37723,41.52600
2302,54.08220,-36.06084,41.83800
2303,39.10563,-33.28740,41.83800
2304,61.84783,-31.62334,41.83800
2305,61.84783,-27.74052,41.83800
2306,64.34393,-23.85771,41.68200
2307,66.00799,-21.36161,41.83800
2308,59.35173,-17.47880,41.83800
2309,54.35954,-14.70536,41.83800
2310,39.93766,-12.48660,41.83800
2311,49.92204,-36.89288,42.15000
2312,48.25798,-34.11943,42.15000
2313,46.03922,-31.62334,41.99400
2314,41.32438,-28.29521,42.15000
2315,66.56268,-24.96708,41.99400
2316,65.73064,-21.08427,42.15000
2317,40.76969,-17.20145,42.15000
2318,42.98844,-14.42801,42.15000
2319,48.25798,-13.04129,42.15000
2320,48.25798,-36.89288,42.46200
2321,57.96502,-34.39678,42.46200
2322,44.92985,-31.90068,42.46200
2323,61.57049,-29.12724,42.46200
2324,63.78924,-25.24443,42.46200
2325,64.06658,-21.63896,42.46200
2326,59.62908,-17.75614,42.46200
2327,58.51970,-14.98270,42.46200
2328,56.02361,-13.59598,42.46200
2329,47.14860,-36.89288,42.77400
2330,57.96502,-34.39678,42.77400
2331,43.82047,-31.62334,42.61800
2332,64.06658,-29.40459,42.77400
2333,36.33218,-24.96708,42.77400
2334,40.49234,-21.08427,42.61800
2335,63.51189,-18.31083,42.77400
2336,37.71890,-15.26004,42.77400
2337,48.25798,-13.59598,42.77400
2338,48.81266,-11.37723,42.77400
2339,49.92204,-34.67412,43.08600
2340,38.55094,-32.17803,43.08600
2341,60.18377,-29.95927,43.08600
2342,62.95721,-26.07646,43.08600
2343,67.39471,-23.30302,43.08600
2344,64.34393,-19.69755,43.08600
2345,41.87906,-16.09208,43.08600
2346,56.85564,-13.87332,43.08600
2347,46.03922,-11.37723,43.08600
2348,56.85564,-34.95147,43.39800
2349,60.18377,-32.73272,43.39800
2350,37.44156,-29.40459,43.39800
2351,62.95721,-26.07646,43.39800
2352,36.33218,-22.19364,43.39800
2353,63.51189,-18.86552,43.39800
2354,41.87906,-15.53739,43.39800
2355,45.48454,-13.59598,43.39800
2356,48.25798,-11.37723,43.39800
2357,49.92204,-34.67412,43.71000
2358,46.31657,-32.17803,43.71000
2359,61.29314,-29.40459,43.71000
2360,63.51189,-26.07646,43.71000
2361,39.93766,-22.19364,43.55400
2362,63.51189,-18.86552,43.71000
2363,56.02361,-15.81473,43.71000
2364,56.57830,-13.87332,43.55400
2365,46.59391,-11.37723,43.71000
2366,49.36735,-34.67412,44.02200
2367,46.31657,-32.17803,44.02200
2368,37.44156,-29.40459,44.02200
2369,40.76969,-26.07646,44.02200
2370,64.06658,-22.74833,44.02200
2371,61.01580,-19.14286,44.02200
2372,42.71110,-15.81473,44.02200
2373,57.13298,-14.15067,44.02200
2374,46.59391,-11.37723,44.02200
2375,48.81266,-34.67412,44.33400
2376,46.31657,-32.17803,44.33400
2377,37.71890,-29.40459,44.17800
2378,63.23455,-26.35380,44.33400
2379,64.06658,-22.74833,44.33400
2380,41.32438,-18.86552,44.33400
2381,42.71110,-15.81473,44.33400
2382,57.13298,-14.15067,44.33400
2383,47.70329,-11.37723,44.33400
2384,50.47673,-34.67412,44.64600
2385,45.76188,-32.17803,44.64600
2386,63.78924,-29.68193,44.64600
2387,66.00799,-25.79912,44.64600
2388,40.21500,-21.63896,44.64600
2389,59.35173,-18.03348,44.64600
2390,54.91423,-15.26004,44.64600
2391,46.03922,-13.59598,44.64600
2392,48.81266,-36.89288,44.95800
2393,40.21500,-33.84209,44.95800
2394,57.96502,-31.62334,44.95800
2395,64.62127,-28.84990,44.95800
2396,39.93766,-24.68974,44.95800
2397,65.73064,-21.08427,44.95800
2398,42.15641,-17.20145,44.80200
2399,51.86345,-14.42801,44.95800
2400,42.43375,-12.20926,44.95800
2401,54.63689,-36.06084,45.27000
2402,47.70329,-33.56475,45.27000
2403,43.82047,-30.79131,45.27000
2404,37.44156,-26.63115,45.27000
2405,66.84003,-22.74833,45.27000
2406,60.18377,-18.86552,45.27000
2407,59.62908,-16.09208,45.27000
2408,55.74627,-13.87332,45.27000
2409,48.25798,-11.37723,45.27000
2410,52.69548,-34.67412,45.58200
2411,57.13298,-32.45537,45.58200
2412,60.73846,-29.40459,45.58200
2413,36.88687,-24.96708,45.58200
2414,63.23455,-21.36161,45.58200
2415,42.43375,-17.75614,45.58200
2416,58.24236,-15.26004,45.58200
2417,54.91423,-13.04129,45.58200
2418,45.48454,-36.33819,45.89400
2419,47.42595,-33.28740,45.89400
2420,43.82047,-30.51396,45.73800
2421,37.44156,-27.18583,45.89400
2422,40.76969,-23.30302,45.89400
2423,64.06658,-19.42020,45.89400
2424,61.01580,-16.92411,45.89400
2425,44.92985,-14.15067,45.89400
2426,46.59391,-11.93192,45.89400
2427,41.04703,-34.67412,46.20600
2428,46.87126,-32.73272,46.20600
2429,42.43375,-29.95927,46.20600
2430,37.44156,-26.07646,46.20600
2431,66.84003,-22.19364,46.20600
2432,59.90643,-18.58817,46.20600
2433,42.98844,-15.53739,46.20600
2434,47.14860,-14.15067,46.20600
2435,47.70329,-36.89288,46.51800
2436,57.96502,-34.39678,46.51800
2437,61.29314,-32.17803,46.51800
2438,37.99625,-28.84990,46.51800
2439,66.28533,-24.96708,46.51800
2440,41.32438,-21.08427,46.51800
2441,62.12518,-18.03348,46.51800
2442,44.09782,-14.98270,46.51800
2443,53.25017,-13.04129,46.51800
2444,53.80486,-36.33819,46.83000
2445,52.69548,-33.56475,46.83000
2446,44.65250,-30.51396,46.83000
2447,62.67986,-27.18583,46.67400
2448,39.93766,-22.74833,46.67400
2449,61.01580,-19.69755,46.83000
2450,61.57049,-17.47880,46.83000
2451,49.64470,-14.42801,46.83000
2452,43.82047,-11.93192,46.83000
2453,56.57830,-35.22881,47.14200
2454,39.66031,-32.73272,47.14200
2455,43.26579,-29.95927,46.98600
2456,65.73064,-26.63115,47.14200
2457,36.88687,-22.19364,47.14200
2458,64.34393,-19.69755,47.14200
2459,37.99625,-16.09208,47.14200
2460,39.38297,-14.15067,47.14200
2461,47.70329,-11.93192,47.14200
2462,51.03142,-34.67412,47.45400
2463,61.01580,-32.45537,47.45400
2464,37.99625,-28.84990,47.45400
2465,66.00799,-25.24443,47.45400
2466,62.40252,-21.63896,47.45400
2467,59.07439,-18.31083,47.45400
2468,43.82047,-15.81473,47.45400
2469,54.08220,-13.31864,47.45400
2470,52.97282,-36.61553,47.76600
2471,52.97282,-33.84209,47.76600
2472,45.48454,-31.34599,47.76600
2473,42.43375,-27.74052,47.76600
2474,65.73064,-25.52177,47.76600
2475,41.32438,-21.63896,47.76600
2476,62.40252,-18.31083,47.76600
2477,39.10563,-14.98270,47.76600
2478,41.60172,-13.04129,47.76600
2479,46.03922,-36.33819,48.07800
2480,46.87126,-33.28740,48.07800
2481,58.79705,-30.79131,48.07800
2482,60.73846,-27.18583,48.07800
2483,66.28533,-24.41240,48.07800
2484,37.44156,-19.97489,48.07800
2485,61.01580,-17.47880,48.07800
2486,43.82047,-14.70536,48.07800
2487,44.37516,-12.48660,48.07800
2488,55.46892,-35.78350,48.39000
2489,60.18377,-33.28740,48.39000
2490,59.90643,-30.23662,48.39000
2491,62.12518,-26.90849,48.39000
2492,66.56268,-23.02567,48.39000
2493,60.73846,-19.42020,48.39000
2494,38.55094,-16.09208,48.39000
2495,49.92204,-14.70536,48.39000
2496,47.70329,-11.93192,48.39000
2497,40.76969,-33.84209,48.70200
2498,46.03922,-31.90068,48.70200
2499,64.06658,-28.84990,48.70200
2500,40.49234,-25.24443,48.70200
2501,66.00799,-20.80692,48.70200
2502,37.99625,-17.20145,48.70200
2503,53.80486,-15.26004,48.70200
2504,44.92985,-12.48660,48.70200
2505,42.15641,-35.22881,49.01400
2506,46.59391,-32.73272,48.85800
2507,38.82828,-29.68193,49.01400
2508,37.99625,-26.07646,49.01400
2509,63.23455,-22.47099,49.01400
2510,41.60172,-18.86552,48.85800
2511,38.55094,-15.53739,49.01400
2512,55.19157,-13.87332,49.01400
2513,51.03142,-36.89288,49.32600
2514,52.69548,-34.11943,49.32600
2515,39.10563,-31.06865,49.32600
2516,64.34393,-28.57256,49.32600
2517,66.28533,-24.96708,49.32600
2518,65.45330,-20.80692,49.32600
2519,61.29314,-17.75614,49.32600
2520,52.14079,-15.26004,49.32600
2521,43.26579,-12.48660,49.32600
2522,56.30095,-35.50616,49.63800
2523,60.18377,-33.28740,49.63800
2524,39.10563,-29.95927,49.63800
2525,61.57049,-27.46318,49.63800
2526,40.21500,-22.74833,49.63800
2527,63.78924,-19.69755,49.63800
2528,59.90643,-16.92411,49.63800
2529,50.47673,-14.70536,49.63800
2530,49.36735,-36.89288,49.95000
2531,47.98063,-33.84209,49.95000
2532,39.66031,-31.62334,49.95000
2533,42.15641,-29.12724,49.95000
2534,65.73064,-25.52177,49.95000
2535,37.44156,-20.52958,49.95000
2536,38.27359,-17.47880,49.95000
2537,50.19938,-14.98270,49.95000
2538,51.03142,-12.76395,49.79400
2539,56.02361,-35.78350,50.26200
2540,40.49234,-33.01006,50.26200
2541,42.71110,-29.95927,50.10600
2542,37.99625,-26.63115,50.26200
2543,37.44156,-22.19364,50.26200
2544,59.90643,-19.14286,50.26200
2545,58.51970,-16.09208,50.26200
2546,40.49234,-13.87332,50.10600
2547,53.25017,-36.89288,50.57400
2548,54.35954,-34.11943,50.57400
2549,44.65250,-31.06865,50.57400
2550,64.62127,-28.29521,50.57400
2551,63.51189,-23.85771,50.57400
2552,37.99625,-19.97489,50.57400
2553,41.32438,-16.64676,50.57400
2554,57.68767,-15.26004,50.57400
2555,47.70329,-12.48660,50.57400
2556,58.24236,-34.67412,50.88600
2557,57.96502,-32.17803,50.88600
2558,43.54313,-28.84990,50.88600
2559,37.99625,-24.41240,50.88600
2560,62.40252,-21.63896,50.88600
2561,41.32438,-18.31083,50.88600
2562,58.51970,-16.09208,50.88600
2563,53.25017,-13.59598,50.88600
2564,53.80486,-36.33819,51.19800
2565,49.92204,-33.56475,51.19800
2566,62.95721,-30.51396,51.19800
2567,61.57049,-26.90849,51.19800
2568,63.51189,-23.30302,51.19800
2569,64.34393,-20.25224,51.19800
2570,57.13298,-17.47880,51.19800
2571,51.58611,-15.26004,51.19800
2572,46.03922,-12.48660,51.19800
2573,51.58611,-34.67412,51.51000
2574,57.68767,-32.45537,51.51000
2575,64.06658,-28.84990,51.51000
2576,41.32438,-24.41240,51.51000
2577,41.60172,-20.80692,51.51000
2578,57.96502,-17.75614,51.51000
2579,57.96502,-15.53739,51.51000
2580,49.92204,-13.04129,51.51000
2581,42.71110,-35.22881,51.82200
2582,57.13298,-33.01006,51.82200
2583,39.10563,-29.40459,51.82200
2584,61.84783,-26.07646,51.82200
2585,62.67986,-21.91630,51.82200
2586,42.43375,-18.31083,51.82200
2587,39.38297,-15.81473,51.82200
2588,52.14079,-13.31864,51.66600
2589,43.82047,-35.78350,52.13400
2590,60.18377,-33.28740,52.13400
2591,63.51189,-29.95927,52.13400
2592,65.73064,-26.07646,52.13400
2593,66.28533,-21.63896,52.13400
2594,38.55094,-18.31083,52.13400
2595,44.65250,-15.53739,52.13400
2596,41.87906,-13.31864,52.13400
2597,54.35954,-36.33819,52.44600
2598,49.92204,-33.56475,52.44600
2599,62.95721,-30.51396,52.44600
2600,38.55094,-26.63115,52.44600
2601,66.28533,-23.30302,52.44600
2602,63.78924,-19.69755,52.44600
2603,39.10563,-16.09208,52.44600
2604,56.02361,-14.70536,52.44600
2605,44.92985,-36.33819,52.75800
2606,59.62908,-33.84209,52.75800
2607,62.12518,-31.34599,52.75800
2608,61.29314,-27.18583,52.75800
2609,37.99625,-22.74833,52.75800
2610,38.27359,-19.14286,52.75800
2611,59.90643,-16.92411,52.75800
2612,40.76969,-14.42801,52.75800
2613,51.58611,-36.89288,53.07000
2614,53.80486,-34.11943,53.07000
2615,39.66031,-31.06865,53.07000
2616,61.29314,-27.74052,53.07000
2617,66.00799,-24.13505,53.07000
2618,38.55094,-19.42020,53.07000
2619,42.71110,-16.92411,53.07000
2620,56.30095,-14.98270,53.07000
2621,49.36735,-36.89288,53.38200
2622,50.47673,-34.11943,53.38200
2623,45.76188,-31.62334,53.38200
2624,60.73846,-28.29521,53.38200
2625,40.21500,-23.85771,53.38200
2626,61.01580,-20.25224,53.38200
2627,57.13298,-17.47880,53.38200
2628,48.25798,-14.98270,53.22600
2629,46.59391,-12.48660,53.38200
2630,48.81266,-34.11943,53.69400
2631,61.84783,-32.17803,53.69400
2632,39.10563,-28.29521,53.69400
2633,62.40252,-24.41240,53.69400
2634,38.55094,-19.97489,53.69400
2635,42.15641,-17.20145,53.53800
2636,45.48454,-15.26004,53.69400
2637,47.14860,-12.76395,53.53800
2638,58.79705,-34.67412,54.00600
2639,57.13298,-32.45537,54.00600
2640,63.78924,-29.12724,54.00600
2641,62.67986,-24.41240,53.85000
2642,42.15641,-20.80692,54.00600
2643,60.73846,-17.75614,54.00600
2644,40.21500,-14.98270,54.00600
2645,48.81266,-13.04129,54.00600
2646,48.25798,-33.84209,54.16200
2647,40.49234,-31.90068,54.31800
2648,60.46111,-28.57256,54.31800
2649,38.27359,-23.85771,54.16200
2650,64.62127,-20.52958,54.31800
2651,42.15641,-17.47880,54.31800
2652,51.58611,-15.81473,54.31800
2653,46.03922,-13.04129,54.31800
2654,42.43375,-34.39678,54.63000
2655,56.85564,-32.17803,54.63000
2656,64.06658,-28.84990,54.63000
2657,40.76969,-23.85771,54.63000
2658,41.04703,-20.80692,54.63000
2659,41.87906,-17.75614,54.63000
2660,45.76188,-15.53739,54.63000
2661,44.92985,-13.04129,54.63000
2662,58.24236,-34.67412,54.94200
2663,40.49234,-31.90068,54.94200
2664,64.06658,-28.84990,54.94200
2665,65.73064,-24.41240,54.94200
2666,42.71110,-21.36161,54.94200
2667,61.57049,-18.58817,54.94200
2668,40.21500,-15.53739,54.94200
2669,50.47673,-13.59598,54.94200
2670,42.98844,-34.95147,55.25400
2671,41.04703,-32.45537,55.25400
2672,39.10563,-28.84990,55.25400
2673,41.60172,-24.96708,55.09800
2674,42.43375,-21.08427,55.25400
2675,57.96502,-18.31083,55.25400
2676,39.93766,-15.81473,55.25400
2677,50.47673,-13.59598,55.25400
2678,57.68767,-35.22881,55.56600
2679,56.57830,-32.45537,55.56600
2680,60.46111,-28.84990,55.41000
2681,41.32438,-24.41240,55.56600
2682,64.62127,-20.52958,55.56600
2683,43.54313,-17.20145,55.56600
2684,47.14860,-15.26004,55.56600
2685,51.03142,-36.89288,55.87800
2686,59.62908,-33.84209,55.87800
2687,40.49234,-31.34599,55.87800
2688,60.73846,-27.74052,55.87800
2689,41.32438,-23.30302,55.87800
2690,59.35173,-19.69755,55.87800
2691,39.66031,-16.64676,55.87800
2692,56.02361,-15.26004,55.87800
2693,54.08220,-36.61553,56.19000
2694,48.81266,-33.56475,56.19000
2695,44.37516,-30.79131,56.19000
2696,64.89861,-26.90849,56.19000
2697,38.55094,-21.63896,56.19000
2698,62.67986,-19.14286,56.19000
2699,40.21500,-16.09208,56.19000
2700,52.69548,-14.15067,56.19000
2701,43.82047,-35.78350,56.50200
2702,60.73846,-33.28740,56.50200
2703,39.93766,-29.95927,56.34600
2704,38.82828,-26.07646,56.34600
2705,61.84783,-21.63896,56.50200
2706,58.24236,-18.58817,56.50200
2707,57.68767,-16.36942,56.50200
2708,48.81266,-13.59598,56.50200
2709,57.68767,-35.22881,56.81400
2710,56.57830,-32.45537,56.81400
2711,43.26579,-29.12724,56.81400
2712,65.73064,-24.96708,56.81400
2713,41.87906,-20.52958,56.81400
2714,44.09782,-17.75614,56.81400
2715,48.25798,-15.81473,56.81400
2716,46.87126,-36.61553,57.12600
2717,53.25017,-34.11943,57.12600
2718,47.70329,-31.90068,57.12600
2719,64.06658,-28.29521,57.12600
2720,65.73064,-23.85771,57.12600
2721,59.62908,-19.97489,57.12600
2722,42.71110,-17.47880,57.12600
2723,56.02361,-15.53739,56.97000
2724,51.03142,-36.89288,57.43800
2725,59.90643,-34.11943,57.43800
2726,45.20719,-31.06865,57.43800
2727,64.34393,-28.01787,57.43800
2728,66.00799,-23.02567,57.43800
2729,57.96502,-18.86552,57.43800
2730,53.80486,-16.92411,57.43800
2731,42.43375,-13.87332,57.43800
2732,55.74627,-36.06084,57.75000
2733,48.81266,-32.73272,57.59400
2734,43.54313,-29.95927,57.75000
2735,61.84783,-26.07646,57.75000
2736,39.10563,-21.08427,57.75000
2737,55.74627,-17.75614,57.75000
2738,58.24236,-16.36942,57.75000
2739,47.14860,-36.89288,58.06200
2740,51.03142,-34.11943,58.06200
2741,57.96502,-31.62334,58.06200
2742,39.38297,-27.74052,57.90600
2743,38.82828,-23.30302,57.90600
2744,59.35173,-19.69755,58.06200
2745,44.92985,-16.92411,58.06200
2746,42.15641,-14.15067,58.06200
2747,54.91423,-36.33819,58.37400
2748,41.60172,-33.01006,58.37400
2749,58.79705,-30.79131,58.37400
2750,39.10563,-26.07646,58.37400
2751,65.73064,-21.63896,58.37400
2752,60.73846,-18.31083,58.37400
2753,46.31657,-16.09208,58.37400
2754,45.20719,-13.31864,58.37400
2755,42.98844,-34.39678,58.68600
2756,41.04703,-31.90068,58.68600
2757,63.51189,-29.40459,58.68600
2758,62.40252,-24.96708,58.68600
2759,64.89861,-20.80692,58.68600
2760,53.80486,-17.20145,58.53000
2761,41.04703,-15.26004,58.68600
2762,52.69548,-36.89288,58.99800
2763,53.80486,-33.56475,58.99800
2764,58.79705,-30.79131,58.99800
2765,64.89861,-26.90849,58.99800
2766,61.01580,-21.36161,58.99800
2767,39.66031,-17.75614,58.99800
2768,46.59391,-16.09208,58.84200
2769,47.70329,-13.59598,58.99800
2770,51.58611,-34.11943,59.31000
2771,57.68767,-31.90068,59.31000
2772,42.98844,-28.29521,59.31000
2773,39.10563,-23.30302,59.31000
2774,39.38297,-18.86552,59.15400
2775,49.92204,-16.92411,59.31000
2776,42.15641,-14.15067,59.31000
2777,57.13298,-35.78350,59.62200
2778,45.76188,-32.17803,59.62200
2779,44.37516,-29.68193,59.62200
2780,65.17596,-25.52177,59.62200
2781,39.10563,-19.97489,59.62200
2782,53.52751,-17.20145,59.62200
2783,54.35954,-15.26004,59.62200
2784,54.91423,-36.89288,59.93400
2785,42.15641,-33.01006,59.93400
2786,40.21500,-29.95927,59.93400
2787,64.89861,-26.35380,59.93400
2788,41.87906,-20.52958,59.93400
2789,55.46892,-18.03348,59.93400
2790,54.63689,-15.53739,59.93400
2791,53.25017,-36.89288,60.24600
2792,54.91423,-33.56475,60.24600
2793,44.65250,-29.95927,60.24600
2794,61.84783,-26.07646,60.24600
2795,60.73846,-21.08427,60.24600
2796,56.02361,-18.31083,60.09000
2797,48.25798,-16.36942,60.24600
2798,47.14860,-36.89288,60.55800
2799,60.18377,-33.84209,60.55800
2800,58.24236,-31.34599,60.55800
2801,39.66031,-27.18583,60.55800
2802,65.73064,-22.74833,60.55800
2803,62.40252,-19.42020,60.55800
2804,50.47673,-16.92411,60.55800
2805,48.25798,-14.15067,60.55800
2806,58.24236,-35.22881,60.87000
2807,61.84783,-32.17803,60.87000
2808,60.46111,-28.84990,60.71400
2809,65.45330,-24.68974,60.87000
2810,39.66031,-19.97489,60.87000
2811,53.25017,-17.20145,60.71400
2812,54.35954,-15.26004,60.87000
2813,55.46892,-36.33819,61.18200
2814,56.02361,-33.01006,61.18200
2815,44.65250,-29.40459,61.18200
2816,65.17596,-25.52177,61.18200
2817,39.10563,-20.52958,61.18200
2818,40.21500,-17.75614,61.18200
2819,56.02361,-16.36942,61.18200
2820,47.14860,-36.89288,61.49400
2821,60.18377,-33.84209,61.49400
2822,41.04703,-30.79131,61.49400
2823,42.71110,-27.46318,61.49400
2824,42.43375,-22.19364,61.49400
2825,57.13298,-19.14286,61.49400
2826,47.98063,-16.64676,61.49400
2827,44.65250,-13.87332,61.49400
2828,44.09782,-34.95147,61.80600
2829,48.81266,-32.45537,61.80600
2830,43.82047,-28.84990,61.65000
2831,42.43375,-24.41240,61.80600
2832,64.06658,-20.52958,61.80600
2833,54.91423,-18.03348,61.80600
2834,41.60172,-15.26004,61.80600
2835,47.14860,-36.89288,62.11800
2836,42.71110,-33.56475,62.11800
2837,44.65250,-30.51396,62.11800
2838,60.46111,-27.46318,62.11800
2839,61.29314,-22.19364,62.11800
2840,40.21500,-18.31083,62.11800
2841,48.25798,-16.92411,62.11800
2842,48.25798,-14.15067,62.11800
2843,43.82047,-34.67412,62.43000
2844,41.32438,-31.62334,62.43000
2845,43.54313,-28.29521,62.43000
2846,39.66031,-23.30302,62.43000
2847,57.41033,-19.42020,62.43000
2848,57.96502,-17.20145,62.43000
2849,43.26579,-14.15067,62.43000
2850,57.96502,-35.50616,62.74200
2851,57.13298,-32.45537,62.74200
2852,59.90643,-28.84990,62.58600
2853,65.17596,-24.41240,62.74200
2854,63.78924,-20.25224,62.74200
2855,46.03922,-17.20145,62.58600
2856,49.36735,-14.70536,62.74200
2857,56.85564,-36.06084,63.05400
2858,61.01580,-33.01006,63.05400
2859,63.51189,-29.95927,63.05400
2860,42.98844,-25.52177,63.05400
2861,60.46111,-21.08427,62.89800
2862,60.46111,-18.58817,63.05400
2863,41.87906,-15.53739,63.05400
2864,47.14860,-36.89288,63.36600
2865,55.74627,-33.28740,63.36600
2866,40.76969,-29.95927,63.36600
2867,64.62127,-26.07646,63.36600
2868,59.90643,-21.08427,63.21000
2869,40.21500,-17.75614,63.36600
2870,53.80486,-15.81473,63.36600
2871,54.91423,-36.89288,63.67800
2872,60.46111,-33.56475,63.67800
2873,45.48454,-30.23662,63.67800
2874,39.66031,-25.52177,63.67800
2875,59.90643,-21.36161,63.67800
2876,59.62908,-18.31083,63.67800
2877,41.32438,-16.09208,63.67800
2878,52.69548,-37.44756,63.99000
2879,59.90643,-34.11943,63.99000
2880,58.51970,-31.06865,63.99000
2881,64.34393,-27.46318,63.99000
2882,61.84783,-22.19364,63.99000
2883,40.21500,-18.86552,63.99000
2884,57.41033,-17.20145,63.99000
2885,47.70329,-37.44756,64.30200
2886,49.64470,-33.84209,64.30200
2887,41.60172,-31.34599,64.30200
2888,43.82047,-28.01787,64.30200
2889,65.45330,-22.74833,64.14600
2890,62.12518,-19.69755,64.30200
2891,49.92204,-17.47880,64.30200
2892,45.48454,-14.15067,64.30200
2893,43.82047,-34.11943,64.61401
2894,47.70329,-31.90068,64.61401
2895,60.18377,-28.29521,64.61401
2896,65.17596,-23.85771,64.61401
2897,39.93766,-19.69755,64.61401
2898,48.81266,-17.47880,64.61401
2899,43.82047,-14.15067,64.61401
2900,59.62908,-34.39678,64.92600
2901,42.15641,-31.90068,64.92600
2902,44.09782,-28.29521,64.92600
2903,62.40252,-23.85771,64.92600
2904,58.79705,-20.25224,64.92600
2905,40.76969,-17.20145,64.92600
2906,44.09782,-14.42801,64.92600
2907,58.79705,-35.22881,65.23800
2908,57.96502,-32.17803,65.23800
2909,60.18377,-28.29521,65.23800
2910,62.40252,-23.85771,65.23800
2911,58.24236,-20.25224,65.23800
2912,46.59391,-17.47880,65.23800
2913,47.42595,-14.42801,65.23800
2914,58.79705,-35.22881,65.55000
2915,57.68767,-32.45537,65.55000
2916,40.76969,-28.29521,65.55000
2917,42.71110,-23.85771,65.39400
2918,57.96502,-19.97489,65.55000
2919,45.48454,-17.47880,65.55000
2920,44.37516,-14.42801,65.39400
2921,58.79705,-35.22881,65.86200
2922,57.68767,-32.45537,65.86200
2923,40.76969,-28.29521,65.86200
2924,39.93766,-24.13505,65.86200
2925,59.35173,-20.80692,65.86200
2926,45.76188,-17.75614,65.86200
2927,50.47673,-15.26004,65.86200
2928,45.20719,-35.50616,66.17400
2929,57.13298,-33.01006,66.17400
2930,44.92985,-29.68193,66.17400
2931,61.84783,-24.96708,66.17400
2932,59.35173,-21.08427,66.01801
2933,54.35954,-18.58817,66.17400
2934,52.69548,-15.81473,66.17400
2935,47.14860,-36.89288,66.48600
2936,52.14079,-33.56475,66.48600
2937,45.76188,-29.95927,66.48600
2938,64.62127,-26.07646,66.48600
2939,40.21500,-21.08427,66.48600
2940,54.35954,-18.58817,66.48600
2941,42.43375,-15.53739,66.48600
2942,55.46892,-36.89288,66.79800
2943,53.80486,-33.56475,66.79800
2944,41.32438,-29.95927,66.79800
2945,61.29314,-26.07646,66.79800
2946,61.57049,-22.47099,66.79800
2947,44.65250,-18.86552,66.79800
2948,56.57830,-17.20145,66.64201
2949,48.25798,-37.44756,67.11000
2950,54.35954,-34.11943,67.11000
2951,42.15641,-31.34599,67.11000
2952,40.49234,-27.18583,66.95400
2953,61.29314,-23.30302,67.11000
2954,62.67986,-20.25224,67.11000
2955,51.03142,-18.03348,67.11000
2956,46.59391,-14.70536,67.11000
2957,44.65250,-34.95147,67.42200
2958,42.43375,-32.17803,67.42200
2959,59.62908,-28.84990,67.42200
2960,42.98844,-23.85771,67.42200
2961,40.21500,-19.97489,67.42200
2962,47.70329,-17.75614,67.26600
2963,49.36735,-15.26004,67.42200
2964,45.76188,-35.50616,67.73400
2965,57.41033,-32.73272,67.73400
2966,44.92985,-29.12724,67.73400
2967,42.98844,-23.85771,67.73400
2968,57.68767,-20.25224,67.73400
2969,48.81266,-18.03348,67.73400
2970,44.92985,-14.70536,67.73400
2971,59.35173,-35.22881,68.04601
2972,58.51970,-32.17803,68.04601
2973,40.76969,-27.74052,68.04601
2974,40.21500,-22.74833,68.04601
2975,56.85564,-19.97489,68.04601
2976,49.92204,-18.03348,68.04601
2977,48.81266,-38.00225,68.35800
2978,44.37516,-34.11943,68.35800
2979,47.98063,-31.62334,68.35800
2980,44.09782,-27.74052,68.35800
2981,43.26579,-23.02567,68.35800
2982,63.78924,-20.80692,68.35800
2983,46.59391,-18.03348,68.35800
2984,44.92985,-14.70536,68.35800
2985,52.97282,-34.39678,68.67001
2986,47.42595,-31.62334,68.67001
2987,64.06658,-28.29521,68.67001
2988,61.84783,-23.30302,68.67001
2989,58.79705,-20.80692,68.67001
2990,59.35173,-18.58817,68.67001
2991,49.36735,-15.26004,68.67001
2992,59.35173,-35.22881,68.98200
2993,57.68767,-32.45537,68.98200
2994,60.18377,-28.29521,68.98200
2995,43.54313,-23.85771,68.98200
2996,43.54313,-21.08427,68.98200
2997,41.04703,-18.58817,68.98200
2998,51.03142,-15.81473,68.98200
2999,57.96502,-36.06084,69.29400
3000,56.02361,-33.01006,69.29400
3001,59.62908,-29.40459,69.29400
3002,46.31657,-24.96708,69.29400
3003,40.21500,-21.63896,69.29400
3004,61.57049,-19.69755,69.29400
3005,41.87906,-16.64676,69.29400
3006,53.80486,-38.00225,69.60600
3007,60.46111,-34.11943,69.60600
3008,58.24236,-31.34599,69.60600
3009,40.76969,-26.63115,69.60600
3010,46.59391,-24.68974,69.60600
3011,44.92985,-21.36161,69.60600
3012,54.91423,-19.14286,69.60600
3013,52.69548,-16.36942,69.60600
3014,46.87126,-36.61553,69.91800
3015,61.01580,-33.56475,69.91800
3016,63.51189,-29.95927,69.91800
3017,64.34393,-26.90849,69.91800
3018,65.17596,-23.85771,69.91800
3019,56.57830,-20.25224,69.91800
3020,48.25798,-18.03348,69.91800
3021,48.53532,-37.72491,70.23000
3022,44.09782,-33.84209,70.23000
3023,58.24236,-31.90068,70.23000
3024,46.59391,-28.29521,70.07401
3025,60.73846,-25.52177,70.23000
3026,40.76969,-21.63896,70.23000
3027,45.76188,-18.86552,70.23000
3028,42.98844,-16.09208,70.23000
3029,46.87126,-36.61553,70.54200
3030,55.46892,-33.56475,70.54200
3031,47.14860,-30.23662,70.54200
3032,40.76969,-26.63115,70.54200
3033,40.76969,-22.74833,70.54200
3034,45.76188,-19.42020,70.54200
3035,55.46892,-17.47880,70.54200
3036,54.35954,-38.00225,70.85400
3037,43.82047,-33.56475,70.85400
3038,42.43375,-30.51396,70.85400
3039,46.31657,-27.18583,70.85400
3040,44.09782,-22.74833,70.85400
3041,54.35954,-19.42020,70.69801
3042,56.02361,-17.47880,70.85400
3043,47.98063,-37.17022,71.16600
3044,52.14079,-33.56475,71.16600
3045,47.42595,-29.95927,71.16600
3046,44.09782,-26.63115,71.16600
3047,60.18377,-22.19364,71.16600
3048,60.46111,-19.69755,71.16600
3049,54.35954,-16.92411,71.16600
3050,47.14860,-36.89288,71.47800
3051,61.29314,-33.28740,71.47800
3052,59.35173,-29.68193,71.47800
3053,43.82047,-26.07646,71.32201
3054,64.62127,-21.63896,71.47800
3055,46.31657,-18.86552,71.47800
3056,43.26579,-15.81473,71.47800
3057,47.14860,-36.33819,71.79000
3058,57.13298,-33.01006,71.79000
3059,59.62908,-29.40459,71.79000
3060,44.09782,-24.96708,71.79000
3061,45.76188,-20.52958,71.79000
3062,59.07439,-18.86552,71.79000
3063,44.92985,-15.26004,71.79000
3064,59.35173,-35.22881,72.10201
3065,57.68767,-32.45537,72.10201
3066,45.20719,-28.29521,72.10201
3067,60.73846,-23.85771,72.10201
3068,44.37516,-20.25224,72.10201
3069,48.81266,-18.58817,72.10201
3070,51.03142,-38.27959,72.25800
3071,52.14079,-34.39678,72.25800
3072,48.81266,-31.90068,72.41400
3073,64.06658,-28.29521,72.41400
3074,60.46111,-23.02567,72.41400
3075,55.74627,-19.97489,72.41400
3076,42.43375,-17.20145,72.41400
3077,53.52751,-38.27959,72.72601
3078,53.25017,-34.11943,72.72601
3079,62.67986,-31.34599,72.72601
3080,64.06658,-27.18583,72.72601
3081,44.65250,-21.63896,72.72601
3082,41.32438,-18.86552,72.72601
3083,51.58611,-16.36942,72.72601
3084,46.87126,-36.06084,73.03800
3085,61.84783,-32.73272,73.03800
3086,41.60172,-28.29521,72.88200
3087,44.09782,-23.85771,73.03800
3088,41.04703,-20.25224,73.03800
3089,56.02361,-18.03348,73.03800
3090,48.81266,-38.00225,73.35001
3091,61.29314,-33.84209,73.35001
3092,46.87126,-29.95927,73.35001
3093,64.62127,-26.07646,73.35001
3094,57.13298,-21.36161,73.35001
3095,48.53532,-18.86552,73.35001
3096,45.20719,-15.53739,73.35001
3097,59.35173,-35.78350,73.66200
3098,49.36735,-32.45537,73.66200
3099,44.92985,-28.29521,73.50600
3100,64.62127,-23.85771,73.66200
3101,55.19157,-19.97489,73.66200
3102,54.35954,-17.47880,73.66200
3103,55.46892,-38.00225,73.97400
3104,51.03142,-33.56475,73.97400
3105,59.62908,-29.95927,73.97400
3106,60.73846,-25.52177,73.97400
3107,41.04703,-20.80692,73.97400
3108,47.70329,-19.14286,73.97400
3109,44.92985,-15.81473,73.97400
3110,59.62908,-35.50616,74.28600
3111,48.81266,-32.45537,74.28600
3112,44.92985,-28.57256,74.28600
3113,44.65250,-22.74833,74.28600
3114,61.01580,-20.25224,74.28600
3115,53.52751,-17.20145,74.28600
3116,49.36735,-38.00225,74.59800
3117,44.09782,-33.28740,74.59800
3118,47.14860,-30.23662,74.59800
3119,60.73846,-25.52177,74.59800
3120,57.68767,-21.36161,74.59800
3121,48.81266,-18.86552,74.44200
3122,48.81266,-15.81473,74.59800
3123,45.20719,-34.39678,74.91000
3124,58.24236,-31.90068,74.91000
3125,60.18377,-27.74052,74.91000
3126,41.04703,-22.19364,74.75401
3127,62.12518,-20.25224,74.91000
3128,43.26579,-16.92411,74.91000
3129,57.13298,-37.44756,75.22200
3130,56.30095,-33.28740,75.22200
3131,63.51189,-29.95927,75.22200
3132,64.62127,-25.52177,75.22200
3133,57.68767,-21.36161,75.22200
3134,60.46111,-19.69755,75.22200
3135,47.70329,-15.81473,75.22200
3136,52.97282,-34.39678,75.53400
3137,43.54313,-31.62334,75.53400
3138,44.92985,-28.01787,75.53400
3139,41.32438,-22.74833,75.53400
3140,62.12518,-20.25224,75.53400
3141,51.30876,-16.64676,75.53400
3142,57.68767,-36.89288,75.84600
3143,49.64470,-32.73272,75.84600
3144,42.43375,-28.84990,75.84600
3145,64.62127,-24.96708,75.84600
3146,62.12518,-20.80692,75.84600
3147,42.43375,-17.75614,75.84600
3148,49.36735,-38.00225,76.15800
3149,61.29314,-33.84209,76.15800
3150,62.95721,-30.51396,76.15800
3151,64.34393,-26.35380,76.15800
3152,56.85564,-21.08427,76.15800
3153,41.87906,-18.86552,76.15800
3154,51.03142,-38.55694,76.47000
3155,60.73846,-34.39678,76.47000
3156,62.95721,-31.62334,76.47000
3157,60.18377,-27.18583,76.47000
3158,59.07439,-22.19364,76.47000
3159,48.25798,-19.69755,76.47000
3160,49.36735,-16.36942,76.47000
3161,46.59391,-35.78350,76.78201
3162,49.64470,-32.17803,76.78201
3163,45.76188,-28.29521,76.78201
3164,45.20719,-23.30302,76.78201
3165,63.23455,-20.80692,76.78201
3166,52.97282,-17.20145,76.78201
3167,56.57830,-38.00225,77.09400
3168,51.03142,-33.56475,77.09400
3169,46.87126,-29.95927,77.09400
3170,45.20719,-25.52177,77.09400
3171,56.30095,-21.08427,77.09400
3172,41.87906,-18.86552,77.09400
3173,51.03142,-38.83428,77.25000
3174,46.03922,-34.67412,77.40601
3175,58.51970,-31.62334,77.40601
3176,41.87906,-27.18583,77.40601
3177,59.35173,-22.47099,77.40601
3178,60.73846,-19.97489,77.40601
3179,44.37516,-16.36942,77.40601
3180,59.62908,-36.06084,77.71800
3181,57.41033,-32.73272,77.71800
3182,63.51189,-28.84990,77.71800
3183,60.18377,-23.85771,77.71800
3184,63.23455,-20.80692,77.71800
3185,42.71110,-18.03348,77.71800
3186,54.91423,-38.55694,78.03001
3187,54.91423,-34.11943,78.03001
3188,48.25798,-30.79131,78.03001
3189,64.34393,-26.35380,78.03001
3190,45.48454,-21.91630,78.03001
3191,52.14079,-20.25224,78.03001
3192,47.98063,-16.09208,78.03001
3193,46.87126,-35.50616,78.34200
3194,57.96502,-32.17803,78.34200
3195,59.62908,-28.29521,78.34200
3196,41.32438,-22.74833,78.34200
3197,48.25798,-20.25224,78.34200
3198,52.14079,-16.92411,78.34200
3199,59.35173,-36.33819,78.65400
3200,57.68767,-32.45537,78.65400
3201,63.78924,-28.57256,78.65400
3202,58.79705,-23.02567,78.65400
3203,49.36735,-20.25224,78.65400
3204,45.48454,-16.36942,78.65400
3205,59.35173,-36.33819,78.96600
3206,49.92204,-32.45537,78.96600
3207,59.62908,-28.29521,78.96600
3208,45.48454,-22.74833,78.81001
3209,62.12518,-20.80692,78.96600
3210,53.80486,-17.47880,78.96600
3211,48.25798,-36.89288,79.27800
3212,62.12518,-33.01006,79.27800
3213,63.51189,-28.84990,79.27800
3214,59.35173,-23.58036,79.27800
3215,54.35954,-20.80692,79.27800
3216,53.25017,-17.47880,79.27800
3217,59.07439,-36.61553,79.59000
3218,44.09782,-32.17803,79.59000
3219,42.43375,-28.29521,79.59000
3220,64.62127,-23.85771,79.59000
3221,54.35954,-20.80692,79.59000
3222,52.69548,-17.47880,79.59000
3223,59.07439,-36.61553,79.90200
3224,44.37516,-32.45537,79.90200
3225,46.59391,-29.12724,79.90200
3226,59.62908,-23.85771,79.90200
3227,41.87906,-20.52958,79.90200
3228,53.80486,-18.03348,79.90200
3229,49.09001,-37.72491,80.21400
3230,51.03142,-33.56475,80.21400
3231,63.23455,-30.23662,80.21400
3232,41.87906,-24.41240,80.21400
3233,62.40252,-21.08427,80.21400
3234,53.52751,-17.75614,80.21400
3235,57.96502,-37.72491,80.52600
3236,56.57830,-33.56475,80.52600
3237,46.87126,-29.40459,80.52600
3238,46.31657,-24.41240,80.52600
3239,47.14860,-20.80692,80.52600
3240,52.14079,-17.47880,80.52600
3241,58.79705,-37.44756,80.83801
3242,44.92985,-33.01006,80.83801
3243,42.71110,-29.12724,80.83801
3244,64.06658,-23.85771,80.83801
3245,49.09001,-20.52958,80.83801
3246,52.14079,-17.47880,80.83801
3247,47.98063,-36.61553,81.15000
3248,62.12518,-33.01006,81.15000
3249,42.43375,-28.29521,81.15000
3250,46.31657,-23.30302,81.15000
3251,51.58611,-20.80692,81.15000
3252,44.92985,-16.92411,81.15000
3253,47.98063,-36.61553,81.46201
3254,62.12518,-33.01006,81.46201
3255,42.43375,-28.29521,81.46201
3256,59.35173,-23.58036,81.46201
3257,49.92204,-20.80692,81.46201
3258,45.48454,-16.92411,81.46201
3259,60.18377,-36.06084,81.77400
3260,49.64470,-32.17803,81.77400
3261,64.06658,-28.29521,81.77400
3262,46.31657,-22.74833,81.77400
3263,60.73846,-20.52958,81.77400
3264,49.92204,-16.92411,81.77400
3265,60.73846,-35.50616,82.08601
3266,58.24236,-31.90068,82.08601
3267,46.59391,-27.46318,82.08601
3268,57.41033,-22.19364,82.08601
3269,59.07439,-19.97489,82.08601
3270,47.14860,-16.36942,82.08601
3271,46.59391,-35.22881,82.39800
3272,44.09782,-31.62334,82.39800
3273,42.43375,-27.18583,82.39800
3274,41.87906,-22.19364,82.39800
3275,61.01580,-20.80692,82.39800
3276,49.92204,-16.92411,82.39800
3277,60.46111,-35.78350,82.71000
3278,44.37516,-31.90068,82.71000
3279,42.43375,-27.74052,82.71000
3280,46.03922,-23.02567,82.71000
3281,51.58611,-20.80692,82.71000
3282,47.42595,-16.64676,82.71000
3283,60.18377,-36.06084,83.02200
3284,57.68767,-32.45537,83.02200
3285,46.87126,-28.29521,83.02200
3286,41.87906,-23.30302,83.02200
3287,48.81266,-20.80692,83.02200
3288,45.20719,-17.20145,83.02200
3289,59.35173,-36.89288,83.33400
3290,50.19938,-32.17803,83.33400
3291,46.87126,-28.29521,83.33400
3292,58.51970,-23.30302,83.33400
3293,49.92204,-20.80692,83.33400
3294,47.14860,-16.92411,83.33400
3295,60.46111,-35.78350,83.64600
3296,58.51970,-32.17803,83.64600
3297,42.71110,-28.01787,83.64600
3298,57.96502,-22.74833,83.64600
3299,51.30876,-20.52958,83.64600
3300,48.81266,-16.92411,83.64600
3301,46.31657,-34.95147,83.95800
3302,49.92204,-31.62334,83.80200
3303,46.31657,-27.18583,83.95800
3304,47.14860,-22.47099,83.95800
3305,59.90643,-20.25224,83.95800
3306,54.35954,-39.66631,84.27000
3307,45.76188,-33.84209,84.27000
3308,44.09782,-31.06865,84.27000
3309,64.06658,-26.63115,84.27000
3310,56.57830,-22.47099,84.27000
3311,58.24236,-19.69755,84.27000
3312,56.30095,-39.38897,84.58200
3313,53.25017,-34.11943,84.58200
3314,59.07439,-31.06865,84.58200
3315,46.31657,-26.07646,84.58200
3316,63.23455,-22.47099,84.58200
3317,55.46892,-19.14286,84.58200
3318,57.13298,-39.11163,84.89400
3319,56.02361,-34.11943,84.89400
3320,59.35173,-30.51396,84.73801
3321,59.62908,-25.52177,84.89400
3322,42.15641,-21.91630,84.89400
3323,43.26579,-19.14286,84.89400
3324,56.57830,-39.11163,85.20600
3325,55.46892,-34.11943,85.20600
3326,62.95721,-30.51396,85.20600
3327,46.31657,-24.96708,85.20600
3328,52.69548,-21.91630,85.20600
3329,54.35954,-18.58817,85.20600
3330,58.51970,-38.27959,85.51801
3331,51.86345,-33.28740,85.51801
3332,63.51189,-29.95927,85.51801
3333,64.06658,-24.96708,85.51801
3334,61.84783,-21.63896,85.51801
3335,45.48454,-17.47880,85.51801
3336,47.98063,-36.61553,85.83000
3337,57.68767,-33.01006,85.83000
3338,47.42595,-28.84990,85.83000
3339,57.96502,-23.85771,85.83000
3340,61.84783,-21.63896,85.83000
3341,45.48454,-17.47880,85.83000
3342,47.98063,-36.61553,86.14201
3343,57.68767,-33.01006,86.14201
3344,47.42595,-28.84990,86.14201
3345,64.06658,-23.85771,86.14201
3346,49.92204,-21.36161,86.14201
3347,48.53532,-17.20145,86.14201
3348,47.42595,-36.06084,86.45400
3349,44.92985,-32.45537,86.45400
3350,47.14860,-28.57256,86.45400
3351,57.41033,-23.30302,86.45400
3352,60.73846,-21.08427,86.45400
3353,50.47673,-17.47880,86.45400
3354,46.87126,-34.95147,86.76601
3355,58.79705,-32.45537,86.76601
3356,60.18377,-27.74052,86.76601
3357,46.31657,-22.74833,86.76601
3358,42.98844,-19.97489,86.76601
3359,54.35954,-39.94366,86.92200
3360,54.08220,-34.95147,87.07800
3361,44.65250,-31.62334,87.07800
3362,46.87126,-27.74052,87.07800
3363,63.78924,-23.58036,87.07800
3364,42.71110,-20.80692,87.07800
3365,50.47673,-17.47880,87.07800
3366,61.01580,-35.78350,87.39000
3367,62.67986,-32.45537,87.39000
3368,42.98844,-27.74052,87.39000
3369,63.51189,-23.30302,87.39000
3370,42.71110,-20.80692,87.39000
3371,52.97282,-39.94366,87.70200
3372,46.31657,-34.39678,87.70200
3373,59.35173,-31.90068,87.70200
3374,60.18377,-27.18583,87.70200
3375,47.98063,-22.74833,87.70200
3376,58.79705,-20.25224,87.70200
3377,52.14079,-39.66631,88.01400
3378,61.57049,-34.67412,88.01400
3379,44.09782,-31.06865,88.01400
3380,42.43375,-26.63115,88.01400
3381,46.59391,-22.47099,88.01400
3382,55.74627,-19.42020,88.01400
3383,56.02361,-39.66631,88.32600
3384,46.03922,-34.11943,88.32600
3385,44.09782,-30.51396,88.32600
3386,42.43375,-26.07646,88.32600
3387,53.80486,-22.47099,88.32600
3388,55.46892,-19.14286,88.32600
3389,58.79705,-38.55694,88.63800
3390,57.41033,-33.28740,88.63800
3391,47.42595,-29.40459,88.63800
3392,42.43375,-24.41240,88.63800
3393,50.47673,-21.91630,88.63800
3394,46.03922,-17.47880,88.63800
3395,47.70329,-36.33819,88.95000
3396,62.40252,-32.73272,88.95000
3397,60.46111,-28.57256,88.95000
3398,57.96502,-23.85771,88.95000
3399,58.51970,-20.52958,88.95000
3400,53.80486,-40.22100,89.26200
3401,53.25017,-34.67412,89.26200
3402,44.09782,-31.06865,89.26200
3403,42.71110,-26.90849,89.26200
3404,56.57830,-23.02567,89.26200
3405,55.46892,-19.69755,89.26200
3406,57.96502,-39.38897,89.57401
3407,56.57830,-34.11943,89.57401
3408,48.25798,-30.23662,89.57401
3409,64.06658,-25.52177,89.57401
3410,62.40252,-22.19364,89.57401
3411,44.92985,-18.03348,89.57401
3412,48.53532,-37.17022,89.88600
3413,50.47673,-33.01006,89.88600
3414,47.70329,-28.84990,89.73000
3415,42.43375,-23.85771,89.88600
3416,61.01580,-21.63896,89.73000
3417,51.03142,-18.03348,89.88600
3418,46.87126,-35.50616,90.19801
3419,58.79705,-32.45537,90.19801
3420,60.73846,-27.74052,90.19801
3421,57.68767,-23.58036,90.19801
3422,43.26579,-19.97489,90.04200
3423,55.46892,-40.22100,90.51000
3424,54.35954,-34.67412,90.51000
3425,44.65250,-31.06865,90.51000
3426,47.14860,-26.90849,90.51000
3427,54.91423,-23.02567,90.51000
3428,55.46892,-19.69755,90.51000
3429,58.24236,-39.11163,90.82201
3430,62.40252,-33.84209,90.82201
3431,63.51189,-29.95927,90.82201
3432,46.87126,-24.96708,90.82201
3433,42.43375,-21.63896,90.82201
3434,47.14860,-18.03348,90.82201
3435,47.98063,-36.61553,91.13400
3436,58.51970,-32.73272,91.13400
3437,60.46111,-28.57256,91.13400
3438,63.78924,-24.68974,91.13400
3439,59.35173,-21.08427,90.97800
3440,54.35954,-40.77569,91.44600
3441,46.87126,-34.95147,91.44600
3442,49.64470,-31.62334,91.44600
3443,60.18377,-27.18583,91.44600
3444,42.43375,-22.74833,91.44600
3445,56.57830,-20.25224,91.44600
3446,56.02361,-40.22100,91.75800
3447,55.74627,-34.39678,91.75800
3448,44.37516,-30.79131,91.75800
3449,59.90643,-26.63115,91.60201
3450,54.35954,-23.02567,91.75800
3451,54.91423,-19.69755,91.75800
3452,50.47673,-39.11163,92.07000
3453,57.13298,-33.84209,91.91400
3454,48.53532,-29.95927,92.07000
3455,59.35173,-25.79912,92.07000
3456,49.09001,-22.19364,92.07000
3457,50.19938,-18.31083,92.07000
3458,60.18377,-37.72491,92.38200
3459,51.03142,-33.01006,92.38200
3460,43.54313,-28.29521,92.38200
3461,47.70329,-24.13505,92.38200
3462,59.35173,-21.36161,92.38200
3463,53.80486,-40.77569,92.69400
3464,61.84783,-34.95147,92.69400
3465,59.35173,-31.90068,92.69400
3466,64.06658,-27.18583,92.69400
3467,52.69548,-23.02567,92.69400
3468,44.37516,-19.14286,92.69400
3469,50.19938,-38.83428,93.00600
3470,45.76188,-33.28740,93.00600
3471,60.18377,-29.95927,93.00600
3472,46.87126,-24.96708,93.00600
3473,61.29314,-22.19364,93.00600
3474,51.03142,-18.58817,93.00600
3475,60.73846,-36.61553,93.31800
3476,62.95721,-32.73272,93.31800
3477,43.26579,-28.01787,93.31800
3478,48.81266,-23.58036,93.31800
3479,43.54313,-19.97489,93.31800
3480,51.86345,-39.94366,93.63000
3481,56.30095,-34.39678,93.63000
3482,44.37516,-30.79131,93.63000
3483,64.06658,-26.63115,93.63000
3484,55.46892,-23.02567,93.63000
3485,53.25017,-19.14286,93.63000
3486,49.36735,-38.00225,93.94200
3487,58.51970,-33.28740,93.94200
3488,43.54313,-28.84990,93.94200
3489,57.96502,-24.41240,93.94200
3490,61.01580,-21.91630,93.94200
3491,54.91423,-40.77569,94.25401
3492,54.08220,-34.39678,94.25401
3493,49.09001,-31.06865,94.25401
3494,63.78924,-26.63115,94.09800
3495,52.41814,-22.74833,94.25401
3496,54.91423,-19.69755,94.25401
3497,49.92204,-38.55694,94.56600
3498,46.03922,-33.56475,94.56600
3499,43.54313,-29.40459,94.56600
3500,47.14860,-24.41240,94.41000
3501,42.98844,-21.63896,94.56600
3502,54.35954,-41.33038,94.87801
3503,47.42595,-35.50616,94.87801
3504,62.95721,-32.73272,94.87801
3505,43.26579,-28.01787,94.87801
3506,57.68767,-24.13505,94.87801
3507,44.09782,-19.97489,94.87801
3508,57.68767,-40.22100,95.19000
3509,62.40252,-34.39678,95.19000
3510,48.81266,-30.79131,95.19000
3511,42.71110,-25.79912,95.19000
3512,42.98844,-22.19364,95.19000
3513,46.03922,-18.58817,95.19000
3514,60.46111,-37.44756,95.50201
3515,58.51970,-32.73272,95.50201
3516,60.73846,-28.29521,95.50201
3517,56.02361,-24.13505,95.50201
3518,59.35173,-21.36161,95.50201
3519,52.41814,-40.49835,95.81400
3520,53.80486,-34.67412,95.81400
3521,44.65250,-31.06865,95.81400
3522,60.18377,-26.63115,95.81400
3523,54.08220,-23.30302,95.81400
3524,52.97282,-19.42020,95.81400
3525,59.35173,-39.11163,96.12600
3526,46.03922,-33.56475,96.12600
3527,63.51189,-29.95927,96.12600
3528,63.51189,-24.96708,96.12600
3529,61.57049,-22.47099,96.12600
3530,52.97282,-41.05304,96.43800
3531,61.84783,-35.50616,96.43800
3532,49.64470,-31.62334,96.43800
3533,60.73846,-27.18583,96.43800
3534,42.43375,-23.30302,96.43800
3535,56.02361,-20.25224,96.43800
3536,58.79705,-39.66631,96.75000
3537,52.41814,-33.84209,96.75000
3538,62.95721,-30.51396,96.75000
3539,63.51189,-25.52177,96.75000
3540,51.58611,-22.47099,96.75000
3541,52.14079,-19.14286,96.75000
3542,42.15641,-36.06084,-35.38200
3543,46.59391,-34.95147,-35.38200
3544,44.92985,-33.84209,-35.38200
3545,45.76188,-32.73272,-35.22600
3546,43.82047,-38.27959,-35.07000
3547,47.14860,-37.44756,-34.91400
3548,38.82828,-34.95147,-35.07000
3549,42.15641,-31.90068,-34.91400
3550,47.70329,-39.11163,-34.60200
3551,36.60953,-36.61553,-34.75800
3552,43.26579,-32.17803,-34.75800
3553,38.82828,-30.23662,-34.60200
3554,37.16422,-37.17022,-34.44600
3555,45.48454,-32.17803,-34.44600
3556,42.71110,-40.77569,-33.97800
3557,45.48454,-39.38897,-34.13400
3558,50.47673,-36.06084,-34.13400
3559,35.50015,-32.17803,-34.13400
3560,41.04703,-30.23662,-33.97800
3561,38.27359,-40.77569,-33.66600
3562,36.05484,-37.72491,-33.82200
3563,36.05484,-34.11943,-33.66600
3564,34.94547,-31.34599,-33.66600
3565,43.82047,-42.71710,-33.51000
3566,37.16422,-40.49835,-33.51000
3567,33.83609,-37.44756,-33.35400
3568,34.94547,-34.11943,-33.35400
3569,37.44156,-31.06865,-33.35400
3570,39.38297,-42.71710,-33.19800
3571,47.70329,-40.49835,-33.19800
3572,51.86345,-36.06084,-33.04200
3573,34.66812,-32.73272,-33.04200
3574,43.82047,-30.23662,-33.04200
3575,46.03922,-41.88507,-32.73000
3576,33.00406,-37.72491,-32.73000
3577,35.50015,-34.11943,-32.73000
3578,33.83609,-31.06865,-32.88600
3579,37.71890,-28.57256,-32.73000
3580,36.60953,-41.05304,-32.57400
3581,33.28140,-37.72491,-32.57400
3582,34.39078,-34.67412,-32.41800
3583,45.48454,-29.95927,-32.57400
3584,41.60172,-43.82647,-32.26200
3585,35.50015,-40.77569,-32.10600
3586,32.44937,-37.17022,-32.10600
3587,35.50015,-34.11943,-32.10600
3588,43.82047,-29.40459,-32.26200
3589,44.92985,-44.38116,-31.95000
3590,49.36735,-42.43975,-31.79400
3591,51.30876,-39.11163,-31.95000
3592,31.61734,-35.50616,-31.95000
3593,51.03142,-32.73272,-31.95000
3594,42.15641,-29.12724,-31.79400
3595,38.82828,-44.10382,-31.48200
3596,33.83609,-39.94366,-31.63800
3597,51.30876,-36.61553,-31.48200
3598,51.30876,-32.73272,-31.48200
3599,37.71890,-28.29521,-31.63800
3600,44.92985,-44.65851,-31.17000
3601,33.83609,-41.05304,-31.32600
3602,50.47673,-38.55694,-31.17000
3603,52.14079,-35.22881,-31.17000
3604,30.23062,-32.73272,-31.17000
3605,48.25798,-30.51396,-31.32600
3606,42.71110,-46.04523,-31.01400
3607,46.59391,-44.38116,-31.01400
3608,52.69548,-41.33038,-30.85800
3609,50.19938,-37.72491,-30.85800
3610,33.83609,-34.39678,-31.01400
3611,40.21500,-32.73272,-30.85800
3612,45.76188,-28.84990,-30.85800
3613,41.60172,-46.04523,-30.70200
3614,34.94547,-43.54913,-30.54600
3615,52.97282,-39.38897,-30.54600
3616,46.03922,-36.33819,-30.54600
3617,40.49234,-34.11943,-30.54600
3618,36.88687,-31.62334,-30.54600
3619,36.88687,-28.84990,-30.54600
3620,43.26579,-46.59991,-30.39000
3621,48.81266,-43.82647,-30.39000
3622,52.14079,-39.94366,-30.39000
3623,45.76188,-36.61553,-30.23400
3624,42.15641,-33.84209,-30.39000
3625,29.39858,-31.90068,-30.23400
3626,36.33218,-28.29521,-30.23400
3627,45.48454,-46.59991,-30.07800
3628,34.39078,-43.54913,-29.92200
3629,30.23062,-38.83428,-29.92200
3630,51.30876,-36.06084,-29.92200
3631,29.95327,-33.56475,-29.92200
3632,41.04703,-32.45537,-29.92200
3633,46.03922,-28.29521,-30.07800
3634,39.38297,-26.90849,-29.92200
3635,49.92204,-45.21320,-29.61000
3636,51.86345,-39.94366,-29.61000
3637,51.30876,-36.61553,-29.61000
3638,30.50796,-33.84209,-29.76600
3639,35.50015,-33.01006,-29.61000
3640,29.39858,-30.23662,-29.61000
3641,44.92985,-27.46318,-29.61000
3642,46.03922,-46.87726,-29.29800
3643,51.58611,-42.99444,-29.29800
3644,50.75407,-38.83428,-29.29800
3645,47.14860,-35.22881,-29.29800
3646,44.09782,-33.28740,-29.29800
3647,48.53532,-31.06865,-29.29800
3648,39.93766,-27.18583,-29.45400
3649,46.59391,-46.87726,-28.98600
3650,52.69548,-43.27179,-29.14200
3651,51.86345,-38.83428,-28.98600
3652,50.47673,-35.78350,-28.98600
3653,29.39858,-33.28740,-29.14200
3654,28.84390,-32.17803,-29.14200
3655,30.50796,-29.68193,-28.98600
3656,36.60953,-26.90849,-28.98600
3657,46.03922,-47.43195,-28.67400
3658,52.69548,-43.54913,-28.67400
3659,48.81266,-38.55694,-28.67400
3660,31.61734,-34.11943,-28.67400
3661,35.22281,-32.73272,-28.67400
3662,28.56655,-31.06865,-28.67400
3663,36.05484,-26.63115,-28.83000
3664,43.82047,-48.54132,-28.36200
3665,50.47673,-45.76788,-28.36200
3666,30.50796,-39.66631,-28.36200
3667,50.47673,-35.78350,-28.36200
3668,42.98844,-33.28740,-28.36200
3669,37.44156,-31.62334,-28.36200
3670,34.94547,-27.46318,-28.36200
3671,45.48454,-48.54132,-28.05000
3672,34.39078,-44.38116,-28.20600
3673,53.25017,-38.83428,-28.20600
3674,45.48454,-35.78350,-28.05000
3675,47.98063,-33.28740,-28.05000
3676,47.98063,-31.62334,-28.05000
3677,34.66812,-27.18583,-28.05000
3678,37.71890,-25.79912,-28.05000
3679,48.25798,-47.70929,-27.89400
3680,32.72671,-43.27179,-27.89400
3681,46.31657,-37.72491,-27.73800
3682,29.67593,-35.50616,-27.73800
3683,48.53532,-33.28740,-27.73800
3684,29.67593,-31.62334,-27.73800
3685,35.22281,-28.84990,-27.73800
3686,35.22281,-25.52177,-27.73800
3687,63.78924,-16.09208,-27.89400
3688,46.31657,-48.81866,-27.42600
3689,51.30876,-46.04523,-27.42600
3690,54.63689,-40.49835,-27.42600
3691,46.87126,-36.61553,-27.42600
3692,29.95327,-33.56475,-27.42600
3693,29.12124,-32.17803,-27.42600
3694,28.01187,-30.51396,-27.42600
3695,47.42595,-27.74052,-27.42600
3696,33.83609,-25.24443,-27.42600
3697,59.35173,-17.20145,-27.58200
3698,61.01580,-14.70536,-27.42600
3699,49.92204,-47.15460,-27.27000
3700,54.91423,-42.71710,-27.27000
3701,45.76188,-36.61553,-27.11400
3702,30.23062,-33.28740,-27.11400
3703,36.33218,-32.17803,-27.11400
3704,29.67593,-30.51396,-27.11400
3705,47.42595,-28.29521,-27.11400
3706,46.03922,-25.24443,-27.11400
3707,63.23455,-17.75614,-27.27000
3708,61.01580,-14.70536,-27.11400
3709,48.25798,-48.54132,-26.80200
3710,54.35954,-44.10382,-26.80200
3711,28.56655,-37.17022,-26.80200
3712,34.11343,-33.84209,-26.80200
3713,46.31657,-32.73272,-26.80200
3714,44.92985,-31.34599,-26.80200
3715,29.39858,-29.12724,-26.80200
3716,35.50015,-25.24443,-26.80200
3717,63.78924,-18.58817,-26.80200
3718,63.51189,-15.53739,-26.80200
3719,46.59391,-49.65070,-26.49000
3720,34.39078,-45.21320,-26.49000
3721,53.80486,-39.11163,-26.49000
3722,49.64470,-34.39678,-26.49000
3723,34.39078,-32.45537,-26.49000
3724,33.00406,-30.51396,-26.49000
3725,29.39858,-28.57256,-26.49000
3726,38.82828,-25.24443,-26.49000
3727,61.57049,-18.31083,-26.64600
3728,63.78924,-14.70536,-26.49000
3729,48.53532,-48.81866,-26.17800
3730,53.52751,-45.49054,-26.17800
3731,54.08220,-39.38897,-26.17800
3732,47.70329,-35.78350,-26.17800
3733,32.17202,-32.73272,-26.33400
3734,44.92985,-31.90068,-26.17800
3735,34.11343,-29.40459,-26.17800
3736,32.72671,-24.96708,-26.33400
3737,42.71110,-24.68974,-26.17800
3738,55.46892,-18.58817,-26.17800
3739,56.57830,-16.09208,-26.33400
3740,63.51189,-13.31864,-26.17800
3741,49.92204,-48.54132,-25.86600
3742,31.33999,-42.71710,-25.86600
3743,51.86345,-36.61553,-25.86600
3744,26.90249,-32.73272,-25.86600
3745,37.16422,-31.90068,-25.86600
3746,47.42595,-29.95927,-25.86600
3747,32.72671,-26.63115,-26.02200
3748,60.46111,-21.36161,-25.86600
3749,56.02361,-18.03348,-25.86600
3750,61.84783,-14.42801,-25.86600
3751,49.64470,-48.81866,-25.55400
3752,32.72671,-44.10382,-25.55400
3753,52.69548,-37.72491,-25.71000
3754,39.10563,-33.28740,-25.55400
3755,49.92204,-31.90068,-25.55400
3756,35.22281,-28.84990,-25.55400
3757,33.83609,-24.68974,-25.55400
3758,57.13298,-20.52958,-25.71000
3759,53.52751,-17.20145,-25.55400
3760,62.12518,-13.59598,-25.55400
3761,49.64470,-48.81866,-25.24200
3762,55.46892,-43.82647,-25.39800
3763,52.41814,-36.61553,-25.24200
3764,31.61734,-32.73272,-25.39800
3765,35.22281,-30.51396,-25.24200
3766,30.78531,-27.18583,-25.24200
3767,43.82047,-24.41240,-25.39800
3768,64.34393,-21.36161,-25.24200
3769,63.51189,-18.86552,-25.24200
3770,57.68767,-15.26004,-25.24200
3771,39.10563,-49.37336,-24.93000
3772,54.63689,-45.49054,-24.93000
3773,29.12124,-38.83428,-24.93000
3774,51.58611,-34.39678,-25.08600
3775,26.90249,-32.17803,-24.93000
3776,35.50015,-29.95927,-25.08600
3777,47.42595,-27.18583,-24.93000
3778,35.50015,-24.13505,-24.93000
3779,57.41033,-21.63896,-24.93000
3780,65.73064,-19.42020,-24.93000
3781,56.02361,-15.26004,-24.93000
3782,47.42595,-50.48273,-24.61800
3783,51.86345,-47.70929,-24.61800
3784,55.74627,-42.71710,-24.61800
3785,31.61734,-38.55694,-24.61800
3786,29.95327,-35.22881,-24.61800
3787,26.90249,-32.73272,-24.61800
3788,34.11343,-31.62334,-24.61800
3789,33.55875,-28.84990,-24.61800
3790,46.87126,-26.07646,-24.61800
3791,46.03922,-24.13505,-24.61800
3792,57.68767,-22.19364,-24.77400
3793,53.52751,-19.97489,-24.61800
3794,51.58611,-15.81473,-24.61800
3795,43.26579,-51.03742,-24.46200
3796,49.92204,-49.37336,-24.46200
3797,34.39078,-46.32257,-24.30600
3798,29.95327,-41.05304,-24.46200
3799,31.89468,-38.27959,-24.30600
3800,30.50796,-35.50616,-24.46200
3801,46.31657,-33.28740,-24.30600
3802,46.03922,-31.62334,-24.46200
3803,28.01187,-29.40459,-24.30600
3804,30.50796,-26.90849,-24.30600
3805,60.46111,-24.13505,-24.30600
3806,64.34393,-23.30302,-24.46200
3807,66.56268,-21.08427,-24.46200
3808,51.30876,-17.75614,-24.30600
3809,65.73064,-13.87332,-24.30600
3810,39.93766,-49.65070,-23.99400
3811,55.46892,-44.65851,-23.99400
3812,28.28921,-39.66631,-23.99400
3813,26.90249,-36.06084,-23.99400
3814,31.61734,-34.39678,-24.15000
3815,32.17202,-32.45537,-23.99400
3816,45.20719,-30.51396,-23.99400
3817,31.06265,-28.01787,-23.99400
3818,63.23455,-24.41240,-24.15000
3819,44.37516,-23.30302,-24.15000
3820,61.01580,-21.63896,-24.15000
3821,51.86345,-19.42020,-23.99400
3822,52.69548,-15.81473,-23.99400
3823,46.03922,-51.59211,-23.83800
3824,36.60953,-48.81866,-23.83800
3825,30.50796,-43.54913,-23.68200
3826,30.50796,-38.83428,-23.83800
3827,29.12124,-35.50616,-23.68200
3828,28.01187,-33.28740,-23.68200
3829,27.45718,-31.06865,-23.68200
3830,28.56655,-28.84990,-23.68200
3831,31.33999,-25.52177,-23.68200
3832,59.35173,-24.68974,-23.68200
3833,38.82828,-23.02567,-23.68200
3834,67.39471,-21.63896,-23.68200
3835,64.06658,-18.86552,-23.68200
3836,53.25017,-15.26004,-23.68200
3837,43.26579,-51.86945,-23.37000
3838,38.27359,-49.65070,-23.37000
3839,35.22281,-44.38116,-23.37000
3840,29.95327,-40.77569,-23.37000
3841,33.55875,-37.72491,-23.37000
3842,51.86345,-34.39678,-23.37000
3843,34.66812,-32.17803,-23.37000
3844,48.81266,-30.23662,-23.37000
3845,30.50796,-26.63115,-23.52600
3846,31.33999,-24.96708,-23.37000
3847,44.92985,-23.58036,-23.37000
3848,63.78924,-22.74833,-23.52600
3849,52.69548,-20.52958,-23.52600
3850,64.62127,-18.31083,-23.37000
3851,58.79705,-14.70536,-23.37000
3852,41.04703,-51.31476,-23.05800
3853,54.08220,-47.70929,-23.05800
3854,31.89468,-43.27179,-23.05800
3855,29.67593,-39.94366,-23.05800
3856,33.83609,-37.44756,-23.05800
3857,52.14079,-34.39678,-23.21400
3858,33.83609,-31.62334,-23.21400
3859,48.53532,-29.95927,-23.05800
3860,31.89468,-27.18583,-23.05800
3861,58.24236,-25.24443,-23.05800
3862,32.72671,-23.58036,-23.05800
3863,38.27359,-22.47099,-23.05800
3864,66.56268,-20.52958,-23.21400
3865,49.09001,-17.75614,-23.05800
3866,60.18377,-14.42801,-23.05800
3867,50.19938,-50.48273,-22.74600
3868,31.61734,-45.21320,-22.74600
3869,29.95327,-42.99444,-22.74600
3870,55.19157,-39.38897,-22.74600
3871,26.34780,-36.61553,-22.74600
3872,33.83609,-34.95147,-22.90200
3873,33.28140,-32.45537,-22.74600
3874,45.20719,-29.95927,-22.74600
3875,29.39858,-28.01787,-22.74600
3876,65.45330,-26.90849,-22.74600
3877,66.56268,-25.24443,-22.74600
3878,44.92985,-23.58036,-22.74600
3879,52.97282,-22.19364,-22.74600
3880,52.14079,-19.69755,-22.74600
3881,64.89861,-17.75614,-22.90200
3882,62.12518,-13.59598,-22.74600
3883,50.75407,-50.48273,-22.43400
3884,55.74627,-44.93585,-22.43400
3885,34.39078,-42.16241,-22.59000
3886,33.28140,-38.27959,-22.59000
3887,27.45718,-36.06084,-22.43400
3888,47.14860,-34.67412,-22.43400
3889,45.48454,-31.90068,-22.43400
3890,34.94547,-29.40459,-22.59000
3891,45.20719,-28.01787,-22.59000
3892,58.79705,-26.63115,-22.59000
3893,55.46892,-25.24443,-22.43400
3894,67.39471,-23.85771,-22.43400
3895,39.93766,-22.47099,-22.43400
3896,60.73846,-19.97489,-22.43400
3897,48.81266,-17.75614,-22.59000
3898,59.35173,-14.70536,-22.43400
3899,49.09001,-51.59211,-22.12200
3900,54.63689,-47.15460,-22.12200
3901,35.22281,-42.71710,-22.12200
3902,28.56655,-38.83428,-22.12200
3903,27.73452,-36.89288,-22.12200
3904,46.03922,-34.11943,-22.12200
3905,37.16422,-31.34599,-22.12200
3906,29.67593,-28.84990,-22.12200
3907,61.01580,-28.01787,-22.12200
3908,56.02361,-26.35380,-22.12200
3909,59.90643,-24.96708,-22.27800
3910,66.00799,-23.58036,-22.12200
3911,58.51970,-21.63896,-22.12200
3912,63.23455,-19.14286,-22.12200
3913,48.25798,-16.92411,-22.12200
3914,63.51189,-12.76395,-22.12200
3915,52.14079,-49.92804,-21.96600
3916,34.39078,-44.93585,-21.96600
3917,34.94547,-40.77569,-21.81000
3918,50.19938,-37.72491,-21.81000
3919,26.62514,-34.67412,-21.81000
3920,37.16422,-31.62334,-21.96600
3921,29.12124,-29.40459,-21.81000
3922,31.06265,-28.57256,-21.81000
3923,65.73064,-27.74052,-21.81000
3924,64.34393,-26.90849,-21.81000
3925,67.39471,-25.52177,-21.81000
3926,44.09782,-23.30302,-21.81000
3927,41.04703,-21.91630,-21.81000
3928,68.78143,-20.25224,-21.81000
3929,48.81266,-18.03348,-21.81000
3930,65.17596,-14.98270,-21.81000
3931,40.49234,-51.86945,-21.49800
3932,34.94547,-47.43195,-21.49800
3933,36.33218,-43.27179,-21.49800
3934,50.75407,-40.49835,-21.49800
3935,26.62514,-37.72491,-21.65400
3936,54.35954,-35.78350,-21.49800
3937,52.69548,-32.73272,-21.65400
3938,62.12518,-30.23662,-21.49800
3939,56.02361,-28.84990,-21.65400
3940,44.09782,-27.74052,-21.49800
3941,30.78531,-26.63115,-21.49800
3942,52.41814,-25.52177,-21.49800
3943,51.03142,-23.30302,-21.65400
3944,38.27359,-21.91630,-21.49800
3945,59.90643,-20.80692,-21.49800
3946,48.53532,-18.58817,-21.65400
3947,56.02361,-15.26004,-21.49800
3948,46.03922,-52.70148,-21.34200
3949,36.33218,-48.26398,-21.18600
3950,36.05484,-44.10382,-21.18600
3951,28.28921,-40.22100,-21.18600
3952,51.30876,-37.72491,-21.18600
3953,27.45718,-35.50616,-21.18600
3954,53.80486,-32.73272,-21.34200
3955,62.12518,-30.51396,-21.34200
3956,64.62127,-29.95927,-21.18600
3957,54.35954,-28.84990,-21.34200
3958,64.34393,-28.01787,-21.18600
3959,58.51970,-26.63115,-21.18600
3960,58.24236,-24.96708,-21.34200
3961,50.47673,-22.74833,-21.34200
3962,41.60172,-21.36161,-21.18600
3963,64.89861,-19.69755,-21.18600
3964,66.56268,-18.03348,-21.18600
3965,59.35173,-14.70536,-21.18600
3966,39.93766,-51.86945,-20.87400
3967,34.11343,-46.59991,-20.87400
3968,37.16422,-44.38116,-21.03000
3969,34.66812,-40.49835,-20.87400
3970,26.90249,-38.27959,-20.87400
3971,50.47673,-36.61553,-21.03000
3972,54.63689,-34.95147,-20.87400
3973,56.57830,-31.62334,-21.03000
3974,54.91423,-30.51396,-21.03000
3975,32.44937,-28.84990,-20.87400
3976,59.90643,-27.74052,-21.03000
3977,30.78531,-26.07646,-20.87400
3978,50.47673,-24.68974,-20.87400
3979,67.39471,-22.74833,-20.87400
3980,39.38297,-21.08427,-21.03000
3981,68.22675,-20.52958,-21.03000
3982,66.84003,-18.31083,-20.87400
3983,54.35954,-15.26004,-20.87400
3984,66.28533,-11.65457,-20.87400
3985,37.71890,-49.09601,-20.56200
3986,36.60953,-45.21320,-20.56200
3987,36.88687,-41.05304,-20.56200
3988,51.03142,-39.66631,-20.56200
3989,50.47673,-36.89288,-20.56200
3990,34.66812,-34.39678,-20.56200
3991,39.10563,-31.62334,-20.56200
3992,46.03922,-30.23662,-20.56200
3993,51.03142,-28.29521,-20.71800
3994,47.98063,-27.18583,-20.56200
3995,45.20719,-24.96708,-20.56200
3996,68.78143,-23.58036,-20.56200
3997,49.64470,-21.63896,-20.56200
3998,62.67986,-20.80692,-20.56200
3999,65.17596,-17.20145,-20.56200
4000,60.73846,-13.87332,-20.56200
4001,50.19938,-51.59211,-20.25000
4002,55.19157,-45.49054,-20.25000
4003,32.17202,-42.99444,-20.25000
4004,28.84390,-39.66631,-20.25000
4005,32.44937,-37.17022,-20.25000
4006,48.81266,-35.22881,-20.25000
4007,57.41033,-33.28740,-20.25000
4008,63.23455,-31.90068,-20.25000
4009,32.44937,-29.40459,-20.25000
4010,58.51970,-28.29521,-20.25000
4011,66.56268,-27.18583,-20.40600
4012,56.85564,-24.41240,-20.25000
4013,31.06265,-22.47099,-20.25000
4014,55.46892,-21.36161,-20.25000
4015,47.42595,-19.97489,-20.25000
4016,46.03922,-16.09208,-20.40600
4017,61.29314,-13.31864,-20.25000
4018,39.66031,-51.59211,-19.93800
4019,37.71890,-46.32257,-19.93800
4020,32.72671,-43.27179,-20.09400
4021,28.84390,-39.66631,-19.93800
4022,28.01187,-37.17022,-19.93800
4023,50.19938,-35.50616,-19.93800
4024,36.05484,-33.28740,-20.09400
4025,29.12124,-31.62334,-19.93800
4026,38.27359,-30.51396,-20.09400
4027,57.68767,-29.68193,-19.93800
4028,58.24236,-28.29521,-20.09400
4029,46.87126,-26.07646,-19.93800
4030,44.65250,-24.41240,-19.93800
4031,65.73064,-22.74833,-19.93800
4032,59.90643,-21.63896,-20.09400
4033,37.16422,-20.80692,-19.93800
4034,44.37516,-18.03348,-19.93800
4035,66.28533,-14.98270,-19.93800
4036,42.71110,-52.97882,-19.62600
4037,49.64470,-49.37336,-19.62600
4038,34.39078,-45.49054,-19.78200
4039,34.11343,-43.27179,-19.62600
4040,56.02361,-40.22100,-19.62600
4041,35.50015,-38.00225,-19.62600
4042,47.42595,-35.50616,-19.62600
4043,58.79705,-34.11943,-19.62600
4044,29.12124,-32.17803,-19.62600
4045,29.67593,-31.06865,-19.62600
4046,32.72671,-30.23662,-19.62600
4047,44.65250,-29.40459,-19.62600
4048,47.14860,-28.57256,-19.62600
4049,47.14860,-26.35380,-19.62600
4050,43.54313,-23.85771,-19.62600
4051,64.89861,-22.74833,-19.78200
4052,57.41033,-21.63896,-19.62600
4053,39.93766,-20.52958,-19.78200
4054,67.11737,-18.03348,-19.62600
4055,53.25017,-15.26004,-19.62600
4056,44.92985,-53.53352,-19.31400
4057,38.55094,-49.37336,-19.31400
4058,34.39078,-45.76788,-19.31400
4059,33.83609,-42.99444,-19.31400
4060,38.55094,-39.38897,-19.31400
4061,33.00406,-36.61553,-19.31400
4062,57.68767,-34.95147,-19.47000
4063,47.14860,-33.56475,-19.31400
4064,53.25017,-32.17803,-19.47000
4065,43.82047,-31.06865,-19.47000
4066,53.52751,-29.95927,-19.31400
4067,44.37516,-29.12724,-19.31400
4068,66.28533,-27.18583,-19.31400
4069,49.64470,-24.41240,-19.31400
4070,67.11737,-23.58036,-19.31400
4071,61.57049,-22.19364,-19.47000
4072,57.68767,-21.36161,-19.31400
4073,67.11737,-19.14286,-19.31400
4074,66.84003,-16.09208,-19.31400
4075,61.01580,-13.59598,-19.31400
4076,48.81266,-52.42414,-19.00200
4077,38.82828,-49.65070,-19.00200
4078,35.22281,-46.04523,-19.00200
4079,31.61734,-42.71710,-19.15800
4080,40.76969,-40.49835,-19.00200
4081,38.55094,-37.72491,-19.00200
4082,49.36735,-35.78350,-19.00200
4083,29.67593,-33.84209,-19.00200
4084,29.12124,-32.73272,-19.00200
4085,38.55094,-31.62334,-19.00200
4086,61.01580,-30.51396,-19.15800
4087,62.12518,-29.68193,-19.00200
4088,54.35954,-28.01787,-19.00200
4089,67.94940,-25.52177,-19.00200
4090,48.81266,-23.58036,-19.00200
4091,31.06265,-22.19364,-19.15800
4092,40.21500,-21.08427,-19.00200
4093,66.00799,-19.14286,-19.00200
4094,67.11737,-16.64676,-19.15800
4095,56.57830,-14.42801,-19.15800
4096,44.92985,-52.97882,-18.69000
4097,51.30876,-49.92804,-18.69000
4098,36.05484,-46.59991,-18.84600
4099,33.00406,-43.82647,-18.69000
4100,33.28140,-41.33038,-18.69000
4101,37.99625,-38.27959,-18.69000
4102,47.70329,-36.61553,-18.84600
4103,55.19157,-34.95147,-18.69000
4104,48.81266,-34.11943,-18.69000
4105,39.38297,-33.01006,-18.69000
4106,33.00406,-31.62334,-18.69000
4107,60.46111,-31.06865,-18.84600
4108,45.20719,-29.40459,-18.69000
4109,63.78924,-28.01787,-18.69000
4110,53.80486,-25.79912,-18.69000
4111,30.23062,-23.85771,-18.69000
4112,61.84783,-23.30302,-18.69000
4113,32.72671,-21.91630,-18.69000
4114,40.21500,-20.52958,-18.69000
4115,43.82047,-18.58817,-18.69000
4116,42.15641,-15.81473,-18.69000
4117,58.79705,-13.87332,-18.84600
4118,42.71110,-52.42414,-18.37800
4119,46.31657,-49.37336,-18.37800
4120,36.33218,-46.59991,-18.37800
4121,40.49234,-44.10382,-18.37800
4122,31.61734,-40.49835,-18.53400
4123,36.33218,-38.83428,-18.37800
4124,47.42595,-36.61553,-18.37800
4125,33.83609,-35.22881,-18.37800
4126,38.82828,-33.84209,-18.53400
4127,36.88687,-32.73272,-18.37800
4128,31.61734,-31.62334,-18.53400
4129,30.50796,-30.79131,-18.37800
4130,51.30876,-29.95927,-18.37800
4131,33.00406,-27.74052,-18.37800
4132,66.56268,-26.90849,-18.37800
4133,44.92985,-24.68974,-18.37800
4134,64.62127,-23.85771,-18.37800
4135,63.23455,-23.02567,-18.37800
4136,39.93766,-21.36161,-18.37800
4137,66.56268,-18.31083,-18.53400
4138,65.73064,-16.09208,-18.37800
4139,68.22675,-14.98270,-18.53400
4140,68.22675,-13.04129,-18.37800
4141,48.53532,-51.59211,-18.06600
4142,50.47673,-49.09601,-18.06600
4143,54.08220,-46.04523,-18.06600
4144,37.44156,-43.27179,-18.06600
4145,32.17202,-39.94366,-18.22200
4146,56.85564,-38.27959,-18.06600
4147,47.14860,-36.33819,-18.06600
4148,60.73846,-34.95147,-18.06600
4149,62.12518,-34.11943,-18.06600
4150,53.52751,-32.73272,-18.06600
4151,49.36735,-31.62334,-18.22200
4152,46.59391,-30.79131,-18.06600
4153,52.97282,-29.40459,-18.06600
4154,53.80486,-28.01787,-18.06600
4155,54.63689,-25.52177,-18.06600
4156,64.34393,-24.68974,-18.06600
4157,58.51970,-23.30302,-18.06600
4158,45.76188,-21.63896,-18.06600
4159,66.56268,-18.86552,-18.22200
4160,69.05878,-16.09208,-18.06600
4161,55.46892,-14.42801,-18.22200
4162,64.89861,-10.82254,-18.06600
4163,46.59391,-49.37336,-17.91000
4164,36.88687,-46.59991,-17.75400
4165,41.04703,-44.10382,-17.75400
4166,33.00406,-40.49835,-17.75400
4167,29.95327,-38.55694,-17.75400
4168,33.00406,-36.06084,-17.75400
4169,55.46892,-35.22881,-17.75400
4170,51.58611,-34.11943,-17.75400
4171,39.93766,-33.01006,-17.75400
4172,38.55094,-31.62334,-17.75400
4173,46.87126,-30.51396,-17.75400
4174,31.33999,-28.84990,-17.75400
4175,33.83609,-27.18583,-17.91000
4176,63.51189,-25.52177,-17.75400
4177,44.92985,-23.85771,-17.91000
4178,58.24236,-23.02567,-17.75400
4179,36.05484,-20.25224,-17.75400
4180,69.05878,-17.20145,-17.75400
4181,66.00799,-15.26004,-17.75400
4182,66.84003,-12.20926,-17.75400
4183,48.81266,-49.92804,-17.59800
4184,51.58611,-47.43195,-17.44200
4185,54.91423,-44.10382,-17.44200
4186,31.33999,-41.05304,-17.44200
4187,38.55094,-38.83428,-17.44200
4188,57.96502,-37.17022,-17.44200
4189,51.03142,-34.95147,-17.59800
4190,51.86345,-33.84209,-17.44200
4191,39.93766,-33.01006,-17.44200
4192,35.50015,-31.90068,-17.44200
4193,60.73846,-31.06865,-17.44200
4194,46.31657,-29.40459,-17.44200
4195,38.55094,-27.74052,-17.44200
4196,67.11737,-26.35380,-17.44200
4197,62.12518,-24.68974,-17.44200
4198,44.65250,-22.19364,-17.44200
4199,69.33612,-19.97489,-17.59800
4200,68.50409,-15.53739,-17.44200
4201,53.80486,-14.15067,-17.44200
4202,65.17596,-10.54520,-17.44200
4203,48.81266,-49.09601,-17.13000
4204,52.14079,-46.32257,-17.13000
4205,36.05484,-42.99444,-17.13000
4206,31.06265,-40.22100,-17.13000
4207,38.27359,-38.55694,-17.13000
4208,59.62908,-36.06084,-17.13000
4209,49.09001,-34.39678,-17.13000
4210,35.77750,-33.28740,-17.13000
4211,35.50015,-32.45537,-17.13000
4212,48.25798,-31.90068,-17.13000
4213,54.08220,-30.51396,-17.13000
4214,39.10563,-28.84990,-17.13000
4215,54.63689,-26.63115,-17.13000
4216,62.67986,-24.96708,-17.28600
4217,55.74627,-22.19364,-17.13000
4218,34.94547,-19.69755,-17.13000
4219,45.48454,-15.26004,-17.13000
4220,69.05878,-13.87332,-17.13000
4221,46.59391,-50.48273,-16.97400
4222,48.25798,-47.43195,-16.81800
4223,34.11343,-43.82647,-16.81800
4224,36.60953,-42.16241,-16.97400
4225,30.78531,-39.94366,-16.81800
4226,31.06265,-38.00225,-16.81800
4227,29.67593,-35.50616,-16.81800
4228,29.95327,-34.39678,-16.97400
4229,33.00406,-33.28740,-16.81800
4230,33.55875,-32.17803,-16.81800
4231,53.25017,-31.62334,-16.97400
4232,31.06265,-29.95927,-16.97400
4233,44.92985,-28.84990,-16.97400
4234,63.51189,-26.63115,-16.81800
4235,57.13298,-24.41240,-16.97400
4236,39.38297,-20.52958,-16.97400
4237,34.94547,-18.58817,-16.81800
4238,42.15641,-14.70536,-16.81800
4239,57.41033,-13.31864,-16.81800
4240,46.03922,-49.92804,-16.66200
4241,50.47673,-47.15460,-16.66200
4242,52.14079,-43.82647,-16.66200
4243,32.17202,-41.88507,-16.50600
4244,56.57830,-39.66631,-16.50600
4245,35.50015,-37.44756,-16.50600
4246,31.33999,-35.50616,-16.50600
4247,51.30876,-34.39678,-16.50600
4248,54.35954,-33.56475,-16.50600
4249,60.73846,-32.17803,-16.50600
4250,65.17596,-31.06865,-16.50600
4251,62.12518,-30.23662,-16.50600
4252,66.28533,-28.29521,-16.50600
4253,58.51970,-25.52177,-16.50600
4254,68.50409,-21.63896,-16.50600
4255,33.83609,-18.58817,-16.50600
4256,42.71110,-14.70536,-16.50600
4257,57.13298,-13.31864,-16.66200
4258,46.59391,-49.37336,-16.35000
4259,50.75407,-46.59991,-16.19400
4260,54.35954,-44.10382,-16.19400
4261,53.52751,-41.60772,-16.19400
4262,36.33218,-38.83428,-16.19400
4263,54.35954,-36.89288,-16.19400
4264,61.57049,-35.50616,-16.35000
4265,31.89468,-33.84209,-16.19400
4266,52.14079,-33.01006,-16.19400
4267,52.41814,-31.62334,-16.19400
4268,51.03142,-30.79131,-16.19400
4269,39.66031,-29.40459,-16.19400
4270,66.28533,-28.29521,-16.19400
4271,46.87126,-26.07646,-16.19400
4272,67.94940,-23.30302,-16.19400
4273,37.71890,-18.86552,-16.35000
4274,35.22281,-16.64676,-16.19400
4275,44.92985,-14.15067,-16.19400
4276,68.50409,-12.76395,-16.19400
4277,41.60172,-48.54132,-15.88200
4278,35.77750,-45.49054,-15.88200
4279,33.00406,-42.71710,-15.88200
4280,56.02361,-40.77569,-15.88200
4281,57.68767,-38.00225,-15.88200
4282,56.57830,-36.33819,-15.88200
4283,47.42595,-34.39678,-15.88200
4284,55.19157,-33.28740,-15.88200
4285,34.11343,-31.62334,-15.88200
4286,61.01580,-31.34599,-15.88200
4287,65.45330,-30.23662,-15.88200
4288,55.46892,-28.29521,-16.03800
4289,35.50015,-26.63115,-16.03800
4290,67.39471,-26.07646,-15.88200
4291,68.22675,-20.80692,-15.88200
4292,33.00406,-17.20145,-15.88200
4293,43.26579,-14.15067,-15.88200
4294,57.13298,-13.04129,-15.88200
4295,42.15641,-48.54132,-15.57000
4296,50.47673,-46.32257,-15.57000
4297,33.83609,-43.54913,-15.57000
4298,31.89468,-41.60772,-15.57000
4299,56.57830,-39.11163,-15.57000
4300,53.52751,-36.61553,-15.57000
4301,32.72671,-35.22881,-15.57000
4302,49.92204,-33.84209,-15.72600
4303,32.17202,-32.17803,-15.72600
4304,65.17596,-31.62334,-15.57000
4305,34.94547,-30.23662,-15.57000
4306,57.68767,-29.12724,-15.57000
4307,57.68767,-27.74052,-15.72600
4308,46.59391,-26.90849,-15.57000
4309,31.89468,-24.41240,-15.57000
4310,31.89468,-19.42020,-15.57000
4311,33.00406,-16.09208,-15.57000
4312,50.47673,-13.87332,-15.72600
4313,57.13298,-13.04129,-15.57000
4314,41.04703,-48.54132,-15.25800
4315,50.47673,-46.04523,-15.41400
4316,49.92204,-43.54913,-15.25800
4317,31.33999,-41.05304,-15.25800
4318,31.06265,-38.00225,-15.25800
4319,44.65250,-36.06084,-15.25800
4320,46.31657,-34.39678,-15.25800
4321,35.50015,-33.01006,-15.25800
4322,39.93766,-31.90068,-15.25800
4323,46.87126,-30.51396,-15.25800
4324,39.38297,-29.68193,-15.25800
4325,46.87126,-28.29521,-15.25800
4326,56.85564,-27.18583,-15.25800
4327,44.37516,-24.96708,-15.41400
4328,39.93766,-19.69755,-15.25800
4329,40.21500,-16.64676,-15.25800
4330,42.98844,-13.31864,-15.25800
4331,39.93766,-12.48660,-15.25800
4332,43.82047,-48.26398,-15.10200
4333,51.03142,-45.21320,-14.94600
4334,51.30876,-42.71710,-14.94600
4335,36.05484,-40.22100,-14.94600
4336,59.62908,-37.17022,-14.94600
4337,46.59391,-35.22881,-14.94600
4338,48.53532,-33.28740,-14.94600
4339,62.67986,-32.17803,-15.10200
4340,63.51189,-31.06865,-14.94600
4341,58.79705,-29.95927,-15.10200
4342,57.13298,-28.84990,-15.10200
4343,48.81266,-27.18583,-15.10200
4344,34.11343,-23.85771,-14.94600
4345,41.60172,-19.42020,-15.10200
4346,39.10563,-16.09208,-14.94600
4347,49.36735,-13.31864,-15.10200
4348,40.49234,-12.20926,-15.10200
4349,62.12518,-10.82254,-14.94600
4350,46.03922,-46.87726,-14.63400
4351,48.25798,-43.82647,-14.79000
4352,37.71890,-41.60772,-14.79000
4353,56.02361,-38.55694,-14.63400
4354,62.67986,-36.06084,-14.79000
4355,46.59391,-33.84209,-14.79000
4356,39.10563,-32.73272,-14.63400
4357,59.90643,-31.90068,-14.63400
4358,57.68767,-30.51396,-14.79000
4359,61.84783,-29.40459,-14.63400
4360,31.89468,-25.52177,-14.63400
4361,67.94940,-21.63896,-14.63400
4362,38.82828,-18.58817,-14.63400
4363,35.50015,-15.26004,-14.63400
4364,53.25017,-13.04129,-14.63400
4365,39.38297,-11.09988,-14.79000
4366,65.45330,-10.26785,-14.63400
4367,37.16422,-5.83035,-14.63400
4368,41.60172,-46.59991,-14.47800
4369,34.94547,-44.93585,-14.47800
4370,53.80486,-43.27179,-14.47800
4371,53.25017,-41.05304,-14.47800
4372,57.68767,-38.27959,-14.47800
4373,44.65250,-35.50616,-14.32200
4374,62.67986,-34.67412,-14.32200
4375,39.38297,-32.73272,-14.47800
4376,61.01580,-31.62334,-14.47800
4377,62.12518,-30.79131,-14.32200
4378,66.56268,-28.57256,-14.32200
4379,67.67206,-23.30302,-14.47800
4380,39.38297,-19.14286,-14.32200
4381,31.61734,-15.81473,-14.32200
4382,46.59391,-12.76395,-14.47800
4383,66.56268,-12.20926,-14.47800
4384,40.49234,-10.82254,-14.32200
4385,36.60953,-7.77176,-14.47800
4386,36.60953,-3.05691,-14.32200
4387,35.77750,-44.93585,-14.01000
4388,37.16422,-42.99444,-14.01000
4389,51.58611,-41.88507,-14.01000
4390,53.25017,-39.66631,-14.01000
4391,61.57049,-37.44756,-14.01000
4392,60.46111,-35.22881,-14.01000
4393,60.18377,-33.28740,-14.01000
4394,49.09001,-32.17803,-14.01000
4395,62.12518,-31.06865,-14.16600
4396,66.84003,-27.74052,-14.01000
4397,34.39078,-23.30302,-14.16600
4398,30.78531,-17.20145,-14.01000
4399,37.16422,-14.70536,-14.01000
4400,53.25017,-12.48660,-14.01000
4401,59.90643,-11.37723,-14.01000
4402,40.49234,-9.15848,-14.01000
4403,37.71890,-3.33425,-14.16600
4404,43.82047,-45.21320,-13.69800
4405,37.16422,-42.71710,-13.85400
4406,37.99625,-41.05304,-13.69800
4407,53.80486,-39.11163,-13.69800
4408,62.95721,-37.17022,-13.69800
4409,29.12124,-33.84209,-13.69800
4410,49.64470,-32.73272,-13.69800
4411,63.23455,-31.62334,-13.85400
4412,35.50015,-29.12724,-13.69800
4413,34.66812,-24.41240,-13.69800
4414,30.78531,-17.75614,-13.69800
4415,66.00799,-13.87332,-13.85400
4416,44.92985,-11.65457,-13.85400
4417,33.28140,-10.54520,-13.85400
4418,33.00406,-7.77176,-13.69800
4419,38.55094,-2.77956,-13.69800
4420,51.03142,-44.38116,-13.54200
4421,35.77750,-41.60772,-13.38600
4422,52.69548,-39.38897,-13.54200
4423,29.67593,-37.17022,-13.38600
4424,47.42595,-33.84209,-13.38600
4425,35.50015,-32.17803,-13.54200
4426,36.33218,-31.06865,-13.38600
4427,35.22281,-27.18583,-13.38600
4428,31.06265,-23.02567,-13.38600
4429,30.78531,-15.53739,-13.38600
4430,53.80486,-11.93192,-13.38600
4431,60.46111,-10.54520,-13.54200
4432,33.00406,-7.21707,-13.38600
4433,38.27359,-2.22488,-13.54200
4434,33.55875,-43.27179,-13.07400
4435,35.50015,-40.49835,-13.23000
4436,56.57830,-38.83428,-13.23000
4437,61.57049,-35.78350,-13.07400
4438,61.01580,-33.56475,-13.07400
4439,35.50015,-31.90068,-13.07400
4440,66.28533,-29.40459,-13.07400
4441,67.39471,-24.41240,-13.07400
4442,67.39471,-18.86552,-13.07400
4443,30.78531,-14.42801,-13.07400
4444,51.58611,-11.37723,-13.07400
4445,61.57049,-9.99051,-13.23000
4446,41.04703,-6.10769,-13.23000
4447,38.27359,-1.39284,-13.07400
4448,34.11343,-42.71710,-12.76200
4449,37.71890,-40.77569,-12.76200
4450,54.91423,-38.83428,-12.91800
4451,61.01580,-35.78350,-12.76200
4452,29.12124,-33.28740,-12.76200
4453,30.50796,-31.90068,-12.76200
4454,37.16422,-29.68193,-12.76200
4455,31.06265,-23.85771,-12.91800
4456,30.78531,-17.75614,-12.76200
4457,64.62127,-12.76395,-12.76200
4458,59.07439,-10.54520,-12.76200
4459,43.26579,-8.04910,-12.76200
4460,41.04703,-2.77956,-12.91800
4461,36.05484,-44.10382,-12.45000
4462,36.05484,-41.88507,-12.45000
4463,48.53532,-39.38897,-12.45000
4464,34.66812,-37.72491,-12.45000
4465,44.92985,-34.39678,-12.60600
4466,63.51189,-32.73272,-12.45000
4467,64.34393,-30.79131,-12.45000
4468,66.84003,-25.52177,-12.45000
4469,66.84003,-19.97489,-12.45000
4470,30.50796,-14.42801,-12.60600
4471,54.91423,-10.82254,-12.45000
4472,46.03922,-9.15848,-12.45000
4473,42.15641,-4.72097,-12.45000
4474,37.16422,-44.65851,-12.13800
4475,45.76188,-42.16241,-12.13800
4476,37.16422,-40.77569,-12.13800
4477,50.47673,-39.11163,-12.13800
4478,44.92985,-35.50616,-12.29400
4479,65.45330,-32.45537,-12.13800
4480,36.05484,-28.84990,-12.29400
4481,37.44156,-24.41240,-12.13800
4482,30.78531,-17.75614,-12.13800
4483,64.62127,-12.20926,-12.13800
4484,31.06265,-9.43582,-12.29400
4485,43.54313,-6.10769,-12.13800
4486,37.16422,-1.39284,-12.13800
4487,44.37516,-44.10382,-11.82600
4488,44.92985,-41.60772,-11.98200
4489,44.37516,-40.22100,-11.82600
4490,29.95327,-38.27959,-11.98200
4491,44.37516,-35.22881,-11.82600
4492,35.22281,-31.06865,-11.82600
4493,35.77750,-27.18583,-11.82600
4494,31.33999,-20.52958,-11.82600
4495,32.44937,-13.87332,-11.82600
4496,57.68767,-9.99051,-11.98200
4497,46.59391,-8.04910,-11.82600
4498,43.26579,-2.77956,-11.98200
4499,33.00406,-43.27179,-11.51400
4500,37.16422,-41.60772,-11.67000
4501,47.14860,-40.22100,-11.51400
4502,59.35173,-39.11163,-11.51400
4503,44.09782,-34.95147,-11.51400
4504,31.61734,-30.79131,-11.51400
4505,36.60953,-26.35380,-11.51400
4506,66.28533,-17.20145,-11.51400
4507,30.78531,-9.99051,-11.51400
4508,60.46111,-9.15848,-11.51400
4509,44.65250,-4.44363,-11.51400
4510,41.04703,-0.28347,-11.51400
4511,42.71110,-42.43975,-11.20200
4512,42.98844,-40.49835,-11.20200
4513,53.80486,-39.66631,-11.20200
4514,63.23455,-38.27959,-11.35800
4515,63.51189,-33.84209,-11.20200
4516,34.94547,-29.68193,-11.20200
4517,66.84003,-24.41240,-11.20200
4518,64.89861,-15.53739,-11.35800
4519,52.14079,-9.43582,-11.35800
4520,48.81266,-8.04910,-11.20200
4521,34.11343,-2.77956,-11.20200
4522,41.60172,-43.27179,-11.04600
4523,45.48454,-41.88507,-10.89000
4524,44.92985,-40.22100,-10.89000
4525,51.03142,-38.27959,-11.04600
4526,30.78531,-34.39678,-10.89000
4527,33.00406,-28.29521,-10.89000
4528,31.89468,-22.74833,-10.89000
4529,64.34393,-14.70536,-10.89000
4530,62.12518,-9.71316,-10.89000
4531,49.09001,-7.21707,-10.89000
4532,34.94547,-2.22488,-11.04600
4533,41.60172,-43.82647,-10.73400
4534,33.55875,-41.60772,-10.57800
4535,59.90643,-40.77569,-10.57800
4536,64.06658,-38.83428,-10.57800
4537,63.51189,-34.95147,-10.57800
4538,36.05484,-28.57256,-10.57800
4539,31.89468,-23.30302,-10.57800
4540,64.34393,-14.70536,-10.57800
4541,30.78531,-8.32644,-10.57800
4542,47.14860,-5.55300,-10.73400
4543,37.71890,-1.39284,-10.57800
4544,44.09782,-42.71710,-10.26600
4545,46.03922,-40.77569,-10.26600
4546,31.33999,-38.83428,-10.26600
4547,63.23455,-35.50616,-10.42200
4548,66.28533,-29.95927,-10.26600
4549,66.28533,-25.52177,-10.26600
4550,30.78531,-14.98270,-10.26600
4551,54.91423,-8.88113,-10.42200
4552,51.30876,-6.66238,-10.26600
4553,33.83609,-1.94753,-10.26600
4554,44.92985,0.27122,-10.26600
4555,36.33218,-41.60772,-9.95400
4556,59.90643,-40.49835,-10.11000
4557,48.81266,-39.11163,-9.95400
4558,44.37516,-35.22881,-9.95400
4559,66.28533,-30.51396,-9.95400
4560,31.33999,-24.41240,-9.95400
4561,30.78531,-16.09208,-9.95400
4562,33.28140,-10.82254,-9.95400
4563,52.14079,-6.66238,-10.11000
4564,32.72671,-2.50222,-9.95400
4565,49.09001,-0.00612,-9.95400
4566,43.82047,-42.43975,-9.64200
4567,59.35173,-40.77569,-9.64200
4568,44.37516,-39.11163,-9.64200
4569,63.78924,-34.95147,-9.79800
4570,32.17202,-29.12724,-9.64200
4571,66.28533,-22.74833,-9.64200
4572,63.78924,-14.15067,-9.64200
4573,57.13298,-7.77176,-9.79800
4574,31.61734,-4.72097,-9.64200
4575,50.19938,-1.67019,-9.64200
4576,48.81266,1.10325,-9.79800
4577,37.44156,-42.16241,-9.33000
4578,58.24236,-40.49835,-9.48600
4579,43.26579,-39.11163,-9.33000
4580,64.89861,-36.33819,-9.33000
4581,31.61734,-31.34599,-9.33000
4582,33.28140,-24.68974,-9.33000
4583,65.73064,-16.64676,-9.33000
4584,62.12518,-10.54520,-9.48600
4585,31.33999,-5.55300,-9.33000
4586,34.94547,-1.94753,-9.33000
4587,45.48454,0.82591,-9.33000
4588,41.60172,-42.99444,-9.01800
4589,42.43375,-39.94366,-9.01800
4590,45.48454,-39.11163,-9.01800
4591,44.92985,-34.95147,-9.17400
4592,66.28533,-27.74052,-9.01800
4593,32.17202,-19.42020,-9.17400
4594,33.28140,-11.65457,-9.17400
4595,31.33999,-6.10769,-9.01800
4596,33.83609,-1.94753,-9.01800
4597,46.59391,0.82591,-9.01800
4598,34.94547,-42.43975,-8.70600
4599,42.15641,-40.22100,-8.70600
4600,57.13298,-39.66631,-8.70600
4601,64.89861,-37.44756,-8.70600
4602,32.17202,-29.40459,-8.86200
4603,34.11343,-21.63896,-8.70600
4604,31.06265,-13.31864,-8.86200
4605,58.79705,-6.93972,-8.70600
4606,37.71890,-2.50222,-8.70600
4607,53.80486,0.54856,-8.86200
4608,41.87906,-42.71710,-8.39400
4609,42.71110,-40.22100,-8.39400
4610,59.90643,-39.66631,-8.39400
4611,65.73064,-36.06084,-8.39400
4612,66.28533,-27.74052,-8.39400
4613,32.72671,-19.14286,-8.39400
4614,31.61734,-10.54520,-8.55000
4615,55.74627,-4.99832,-8.39400
4616,53.52751,-1.67019,-8.39400
4617,48.25798,2.48997,-8.39400
4618,36.60953,-41.33038,-8.08200
4619,47.98063,-39.38897,-8.08200
4620,64.06658,-38.27959,-8.08200
4621,33.55875,-27.18583,-8.08200
4622,65.45330,-19.14286,-8.08200
4623,61.57049,-11.09988,-8.23800
4624,55.19157,-3.88894,-8.08200
4625,43.26579,-0.56081,-8.23800
4626,36.88687,-42.71710,-7.77000
4627,46.03922,-40.22100,-7.77000
4628,47.42595,-38.83428,-7.77000
4629,33.00406,-35.50616,-7.77000
4630,65.73064,-25.52177,-7.77000
4631,31.89468,-16.09208,-7.77000
4632,59.90643,-9.15848,-7.77000
4633,34.11343,-2.22488,-7.77000
4634,54.91423,0.82591,-7.77000
4635,42.98844,-41.60772,-7.45800
4636,57.68767,-39.38897,-7.61400
4637,61.57049,-38.55694,-7.45800
4638,66.28533,-32.73272,-7.45800
4639,65.73064,-22.74833,-7.45800
4640,31.61734,-13.87332,-7.61400
4641,58.51970,-6.66238,-7.45800
4642,36.05484,-1.67019,-7.61400
4643,53.52751,2.21263,-7.45800
4644,34.66812,-40.49835,-7.14600
4645,50.47673,-39.11163,-7.14600
4646,48.81266,-38.00225,-7.14600
4647,66.28533,-28.29521,-7.14600
4648,33.55875,-19.42020,-7.14600
4649,60.73846,-11.09988,-7.14600
4650,33.00406,-3.33425,-7.14600
4651,45.76188,-0.56081,-7.14600
4652,38.27359,-42.99444,-6.83400
4653,47.70329,-39.66631,-6.83400
4654,48.25798,-38.55694,-6.83400
4655,33.55875,-32.73272,-6.83400
4656,65.73064,-22.19364,-6.83400
4657,64.06658,-13.87332,-6.83400
4658,48.25798,-8.32644,-6.99000
4659,39.93766,-3.05691,-6.83400
4660,44.37516,-0.28347,-6.83400
4661,37.71890,-42.99444,-6.52200
4662,33.83609,-38.83428,-6.67800
4663,56.57830,-38.55694,-6.52200
4664,33.83609,-35.50616,-6.67800
4665,34.11343,-25.52177,-6.52200
4666,33.28140,-17.20145,-6.67800
4667,59.62908,-9.43582,-6.52200
4668,58.51970,-7.21707,-6.52200
4669,55.19157,-2.22488,-6.52200
4670,45.48454,0.82591,-6.52200
4671,42.15641,-41.33038,-6.21000
4672,45.76188,-38.27959,-6.21000
4673,64.06658,-37.17022,-6.21000
4674,33.55875,-28.29521,-6.21000
4675,33.55875,-18.86552,-6.21000
4676,32.44937,-10.54520,-6.21000
4677,42.43375,-7.77176,-6.21000
4678,33.28140,-4.16628,-6.21000
4679,45.48454,-1.11550,-6.36600
4680,52.14079,2.21263,-6.36600
4681,44.92985,-40.22100,-5.89800
4682,56.57830,-38.55694,-5.89800
4683,66.28533,-32.73272,-5.89800
4684,65.73064,-22.74833,-5.89800
4685,64.06658,-14.98270,-5.89800
4686,45.76188,-9.43582,-5.89800
4687,33.00406,-7.21707,-5.89800
4688,42.71110,-2.77956,-6.05400
4689,46.59391,-0.00612,-6.05400
4690,41.04703,-42.43975,-5.58600
4691,43.26579,-38.55694,-5.58600
4692,34.66812,-37.17022,-5.58600
4693,66.28533,-28.84990,-5.58600
4694,46.87126,-22.74833,-5.58600
4695,33.55875,-14.98270,-5.58600
4696,48.81266,-9.15848,-5.58600
4697,44.37516,-6.93972,-5.58600
4698,38.55094,-2.22488,-5.58600
4699,47.70329,1.38060,-5.58600
4700,43.82047,-40.22100,-5.27400
4701,56.02361,-38.00225,-5.27400
4702,66.28533,-33.28740,-5.27400
4703,44.92985,-24.68974,-5.27400
4704,35.77750,-21.08427,-5.27400
4705,33.55875,-13.31864,-5.27400
4706,49.09001,-8.88113,-5.27400
4707,33.55875,-5.55300,-5.27400
4708,44.92985,-2.50222,-5.27400
4709,48.25798,1.38060,-5.27400
4710,44.92985,-39.66631,-4.96200
4711,61.01580,-37.44756,-4.96200
4712,66.28533,-29.40459,-4.96200
4713,65.73064,-24.41240,-4.96200
4714,64.62127,-18.86552,-4.96200
4715,33.28140,-11.09988,-5.11800
4716,33.55875,-7.77176,-4.96200
4717,43.54313,-3.33425,-4.96200
4718,52.69548,-0.56081,-5.11800
4719,36.60953,-40.77569,-4.65000
4720,57.13298,-37.72491,-4.80600
4721,34.66812,-33.28740,-4.65000
4722,44.09782,-26.63115,-4.65000
4723,47.14860,-23.58036,-4.65000
4724,35.22281,-18.31083,-4.65000
4725,59.90643,-11.09988,-4.80600
4726,56.30095,-5.55300,-4.65000
4727,54.35954,-3.05691,-4.65000
4728,50.47673,0.54856,-4.80600
4729,35.22281,-38.27959,-4.33800
4730,62.67986,-36.33819,-4.33800
4731,33.83609,-27.74052,-4.49400
4732,43.82047,-24.68974,-4.33800
4733,36.33218,-20.52958,-4.33800
4734,63.78924,-14.42801,-4.49400
4735,34.11343,-7.21707,-4.33800
4736,53.80486,-3.61160,-4.33800
4737,47.70329,-0.28347,-4.33800
4738,35.50015,-38.83428,-4.18200
4739,56.57830,-36.89288,-4.02600
4740,66.28533,-32.73272,-4.02600
4741,44.92985,-26.35380,-4.02600
4742,65.17596,-22.74833,-4.02600
4743,64.06658,-17.75614,-4.02600
4744,34.39078,-11.65457,-4.18200
4745,57.13298,-6.66238,-4.18200
4746,42.15641,-3.61160,-4.02600
4747,47.70329,-0.56081,-4.18200
4748,35.77750,-38.27959,-3.71400
4749,58.79705,-36.33819,-3.71400
4750,34.66812,-29.95927,-3.71400
4751,42.98844,-25.52177,-3.71400
4752,65.17596,-21.63896,-3.71400
4753,34.94547,-16.09208,-3.87000
4754,34.66812,-9.99051,-3.71400
4755,56.02361,-5.83035,-3.71400
4756,38.27359,-2.77956,-3.87000
4757,42.15641,-40.77569,-3.40200
4758,53.25017,-36.61553,-3.55800
4759,65.45330,-33.56475,-3.40200
4760,65.73064,-27.18583,-3.40200
4761,48.25798,-23.30302,-3.55800
4762,48.81266,-19.69755,-3.40200
4763,63.23455,-13.04129,-3.40200
4764,57.13298,-7.21707,-3.55800
4765,52.69548,-4.16628,-3.40200
4766,39.38297,-40.77569,-3.09000
4767,35.77750,-36.61553,-3.09000
4768,62.12518,-35.22881,-3.09000
4769,41.60172,-28.57256,-3.09000
4770,43.26579,-24.68974,-3.09000
4771,36.60953,-20.25224,-3.09000
4772,63.51189,-13.87332,-3.09000
4773,56.30095,-7.21707,-3.09000
4774,39.93766,-3.88894,-3.24600
4775,37.99625,-39.94366,-2.77800
4776,49.92204,-36.61553,-2.93400
4777,62.67986,-34.67412,-2.77800
4778,34.66812,-27.74052,-2.77800
4779,48.25798,-24.13505,-2.77800
4780,49.09001,-19.42020,-2.77800
4781,59.35173,-11.93192,-2.77800
4782,35.77750,-7.21707,-2.77800
4783,52.14079,-4.72097,-2.77800
4784,42.98844,-39.38897,-2.46600
4785,52.69548,-35.50616,-2.62200
4786,64.34393,-33.28740,-2.62200
4787,36.60953,-27.46318,-2.46600
4788,47.42595,-24.96708,-2.46600
4789,46.31657,-20.52958,-2.46600
4790,35.50015,-13.87332,-2.62200
4791,57.96502,-9.43582,-2.46600
4792,53.80486,-5.83035,-2.46600
4793,49.36735,-4.72097,-2.46600
4794,46.59391,-37.72491,-2.31000
4795,56.57830,-34.67412,-2.15400
4796,66.00799,-30.51396,-2.31000
4797,41.87906,-26.63115,-2.15400
4798,43.82047,-24.13505,-2.15400
4799,64.34393,-19.69755,-2.15400
4800,62.67986,-12.48660,-2.15400
4801,35.77750,-7.77176,-2.15400
4802,38.27359,-5.55300,-2.31000
4803,51.58611,-4.72097,-2.15400
4804,48.53532,-36.06084,-1.84200
4805,62.12518,-33.84209,-1.99800
4806,44.65250,-27.74052,-1.84200
4807,37.71890,-25.24443,-1.84200
4808,64.62127,-21.08427,-1.84200
4809,63.23455,-14.70536,-1.84200
4810,61.29314,-10.54520,-1.84200
4811,37.71890,-6.93972,-1.84200
4812,48.81266,-4.99832,-1.99800
4813,36.33218,-36.61553,-1.53000
4814,58.24236,-34.11943,-1.53000
4815,43.26579,-29.12724,-1.53000
4816,38.55094,-25.52177,-1.53000
4817,64.62127,-22.19364,-1.53000
4818,63.78924,-17.20145,-1.68600
4819,59.07439,-10.54520,-1.53000
4820,40.21500,-7.21707,-1.53000
4821,51.58611,-5.27566,-1.53000
4822,47.70329,-35.78350,-1.21800
4823,60.18377,-33.28740,-1.21800
4824,43.82047,-28.57256,-1.21800
4825,38.55094,-25.52177,-1.21800
4826,49.09001,-22.74833,-1.21800
4827,64.06658,-17.75614,-1.21800
4828,56.85564,-11.09988,-1.21800
4829,55.19157,-7.77176,-1.21800
4830,49.36735,-5.83035,-1.21800
4831,47.14860,-36.06084,-1.06200
4832,36.33218,-32.73272,-0.90600
4833,43.82047,-28.57256,-0.90600
4834,47.14860,-25.79912,-0.90600
4835,44.92985,-22.47099,-0.90600
4836,63.51189,-17.20145,-0.90600
4837,59.07439,-11.65457,-0.90600
4838,56.30095,-8.32644,-0.90600
4839,51.03142,-5.83035,-0.90600
4840,47.70329,-35.22881,-0.59400
4841,58.51970,-32.73272,-0.59400
4842,42.71110,-28.84990,-0.75000
4843,46.59391,-26.07646,-0.75000
4844,64.89861,-23.85771,-0.75000
4845,49.09001,-19.42020,-0.59400
4846,57.68767,-12.20926,-0.75000
4847,40.21500,-7.77176,-0.59400
4848,39.38297,-38.00225,-0.28200
4849,48.53532,-33.84209,-0.28200
4850,59.90643,-32.17803,-0.43800
4851,37.71890,-27.18583,-0.43800
4852,39.93766,-24.96708,-0.43800
4853,64.62127,-22.19364,-0.28200
4854,63.23455,-16.36942,-0.28200
4855,38.27359,-8.88113,-0.43800
4856,47.14860,-6.38504,-0.28200
4857,46.31657,-34.95147,0.03000
4858,36.33218,-31.62334,0.03000
4859,36.33218,-28.29521,0.03000
4860,40.76969,-24.96708,0.03000
4861,64.62127,-22.19364,0.03000
4862,62.40252,-15.53739,0.03000
4863,58.79705,-9.71316,0.03000
4864,48.25798,-6.93972,0.03000
4865,46.31657,-34.95147,0.34200
4866,58.79705,-31.62334,0.18600
4867,64.89861,-28.29521,0.18600
4868,37.44156,-24.96708,0.34200
4869,48.81266,-22.19364,0.18600
4870,37.99625,-16.64676,0.34200
4871,38.27359,-9.71316,0.34200
4872,44.92985,-7.21707,0.18600
4873,44.37516,-36.06084,0.49800
4874,50.47673,-31.06865,0.49800
4875,62.95721,-29.95927,0.65400
4876,36.33218,-25.52177,0.65400
4877,48.53532,-23.30302,0.65400
4878,63.78924,-19.97489,0.49800
4879,61.57049,-13.87332,0.49800
4880,40.49234,-8.32644,0.49800
4881,47.14860,-8.04910,0.65400
4882,37.44156,-34.39678,0.96600
4883,56.02361,-30.51396,0.81000
4884,57.68767,-29.68193,0.96600
4885,38.82828,-26.35380,0.96600
4886,38.27359,-24.13505,0.96600
4887,37.71890,-22.19364,0.81000
4888,48.25798,-19.97489,0.81000
4889,61.84783,-15.53739,0.96600
4890,57.13298,-10.26785,0.96600
4891,55.46892,-9.15848,0.96600
4892,43.26579,-36.06084,1.12200
4893,47.70329,-31.62334,1.12200
4894,57.68767,-29.40459,1.12200
4895,39.10563,-27.18583,1.27800
4896,64.62127,-24.96708,1.27800
4897,42.43375,-22.74833,1.27800
4898,47.42595,-20.52958,1.27800
4899,62.95721,-17.75614,1.27800
4900,58.24236,-11.37723,1.27800
4901,49.92204,-9.71316,1.27800
4902,39.38297,-35.50616,1.43400
4903,47.14860,-31.62334,1.43400
4904,56.57830,-28.84990,1.43400
4905,36.33218,-27.18583,1.59000
4906,64.06658,-25.52177,1.59000
4907,36.33218,-22.74833,1.59000
4908,48.25798,-21.08427,1.43400
4909,43.54313,-18.31083,1.59000
4910,58.79705,-12.48660,1.59000
4911,46.59391,-9.99051,1.43400
4912,39.38297,-34.95147,1.74600
4913,37.16422,-30.79131,1.90200
4914,61.01580,-28.29521,1.74600
4915,36.88687,-26.63115,1.90200
4916,36.33218,-24.41240,1.90200
4917,44.92985,-23.02567,1.90200
4918,47.70329,-21.36161,1.90200
4919,44.37516,-18.03348,1.90200
4920,58.24236,-12.20926,1.74600
4921,48.81266,-10.54520,1.74600
4922,42.15641,-34.67412,2.21400
4923,37.16422,-29.68193,2.21400
4924,56.02361,-27.74052,2.05800
4925,56.57830,-26.90849,2.21400
4926,46.31657,-24.96708,2.21400
4927,63.51189,-23.30302,2.21400
4928,40.49234,-21.91630,2.21400
4929,38.82828,-18.86552,2.05800
4930,59.62908,-14.42801,2.21400
4931,52.14079,-11.65457,2.05800
4932,44.92985,-10.54520,2.05800
4933,37.71890,-31.06865,2.37000
4934,49.36735,-28.57256,2.52600
4935,58.79705,-26.63115,2.37000
4936,45.76188,-25.52177,2.52600
4937,42.98844,-23.85771,2.52600
4938,63.23455,-22.19364,2.37000
4939,61.84783,-19.42020,2.52600
4940,58.51970,-14.98270,2.52600
4941,53.80486,-12.20926,2.37000
4942,39.93766,-10.82254,2.52600
4943,37.99625,-29.95927,2.83800
4944,50.47673,-27.74052,2.68200
4945,38.82828,-25.52177,2.68200
4946,57.13298,-24.96708,2.68200
4947,36.88687,-23.30302,2.83800
4948,42.98844,-21.08427,2.83800
4949,44.37516,-18.31083,2.68200
4950,56.02361,-14.15067,2.83800
4951,47.14860,-12.48660,2.83800
4952,41.60172,-33.01006,3.15000
4953,41.04703,-28.84990,2.99400
4954,44.09782,-26.63115,3.15000
4955,45.48454,-24.96708,2.99400
4956,55.74627,-23.85771,3.15000
4957,61.29314,-22.19364,3.15000
4958,60.73846,-19.97489,3.15000
4959,58.24236,-17.20145,2.99400
4960,39.38297,-13.87332,2.99400
4961,41.60172,-12.20926,2.99400
4962,43.54313,-30.51396,3.46200
4963,47.42595,-27.74052,3.46200
4964,43.82047,-25.52177,3.30600
4965,60.46111,-24.41240,3.30600
4966,50.47673,-23.30302,3.30600
4967,60.46111,-22.74833,3.30600
4968,56.02361,-21.63896,3.30600
4969,56.57830,-20.52958,3.30600
4970,58.79705,-19.42020,3.30600
4971,56.57830,-17.75614,3.30600
4972,51.58611,-14.15067,3.46200
4973,42.71110,-13.04129,3.46200
4974,43.82047,-29.40459,3.61800
4975,46.87126,-26.63115,3.77400
4976,43.26579,-23.30302,3.61800
4977,51.03142,-21.63896,3.61800
4978,52.14079,-19.97489,3.61800
4979,51.03142,-17.20145,3.61800
4980,49.64470,-14.98270,3.77400
4981,48.81266,-13.87332,3.61800
4982,43.82047,-28.84990,3.93000
4983,41.87906,-24.96708,4.08600
4984,48.81266,-21.63896,3.93000
4985,46.87126,-19.42020,4.08600
4986,49.36735,-17.20145,3.93000
4987,46.03922,-14.98270,3.93000
4988,43.26579,-28.29521,4.24200
4989,38.82828,-23.85771,4.24200
4990,40.49234,-20.52958,4.24200
4991,40.21500,-16.09208,4.39800
4992,39.93766,-27.18583,4.55400
4993,39.66031,-23.85771,4.71000
4994,45.48454,-19.42020,4.55400
4995,42.15641,-27.18583,4.86600
4996,43.82047,-22.74833,4.86600
4997,42.98844,-18.31083,5.02200
4998,41.04703,-23.30302,5.17800
4999,42.71110,-18.31083,5.17800
